"","countries","countrycode","birdspeciesthreatened","ln_landarea","Gov","average_population_density","mammalspeciesthreatened","Price_Index_yr2011","terrestrialandmarineprotectedare","ln_popdnsty","constant","AvgCO2ReductionPercent","2030GDP","futureagland","futureco2level","futurePPP","futureCO2_EMS","ln_futureGDP","ln_futureAgLand","ln_futureco2","futureGDP_sq","ExpWaldron","ExpRishman","ExpWise"
"1","Aruba","ABW",2,5.192957,2.762994,572.009,2,90.7795,0.270103,6.34915472552175,1,11.104330791661,2376692082.91873,11.1111111111111,210.504793498656,NA,NA,21.5889754767225,2.40794560865187,NA,466.083862134527,2457192.3170808,NA,554443.185853572
"2","Afghanistan","AFG",16,13.38912,-3.608307,48.1928,11,46.7061,0.104707,3.87520963230525,1,-29.0378927679381,40013205126.8576,58.0675796295202,624247.107658836,254919571901.969,2.44880023531067e-06,24.4124753647515,4.06160749829352,-12.919912353223,595.968953434598,18573209.7712815,10895971.3184071,291099478.470009
"3","Angola","AGO",32,14.03601,-2.208952,20.2541,18,93.9761,5.00471,3.00835724219424,1,-5.82070751569637,153607398672.922,49.3395293902541,94831.367223136,372785205012.162,2.54386080638695e-07,25.7576658249434,3.89872557295791,-15.1844127214479,663.457348749459,91178997.5623071,57603791.0860644,59028081.8320866
"4","Albania","ALB",8,10.2183,-0.0820191,106.224,3,57.818,13.3997,4.6655500719768,1,-5.11698378843931,21945768054.939,46.59595511659,9865.0069718336,80049572560.4761,1.23236222958977e-07,23.81184015856,3.84151373729108,-15.9091628115375,567.003731736811,14697204.6811403,10519147.1679146,24927583.0782612
"5","Andorra","AND",3,6.152733,3.196657,172.165,2,NA,24.8821,5.14845331930262,1,2.05841054634149,2739219241.7323,32.5894284786652,340.212863909918,NA,NA,21.730938768468,3.48398795598705,NA,472.233699758907,NA,NA,11741833.8699938
"6","United Arab Emirates","ARE",13,11.17072,2.350572,118.351,8,89.3382,13.1078,4.77365478543845,1,-7.26073533643758,576223484656.123,3.64458976969639,599329.003172564,1442158914858.31,4.1557764334969e-07,27.0797614165867,1.29324381309018,-14.6935963728408,733.313478379256,298602606.065832,109847602.568095,645045219.951787
"7","Argentina","ARG",52,14.82226,-0.5935276,15.2755,38,83.2112,7.44628,2.72625023774616,1,-1.98832903350026,604888028407,58.5107720306825,312451.257275764,1386356276498.37,2.25375873844598e-07,27.1283092008352,4.06921087456325,-15.3054962781388,735.945160096118,615681368.315637,551259748.539026,458186526.820528
"8","Armenia","ARM",14,10.25661,-0.4377487,102.383,9,64.7687,23.11,4.62872068319829,1,-3.75393037506862,17144166841.111,55.2093164274619,12093.3819108314,56847001741.6777,2.12735615605301e-07,23.5649238268197,4.01113171490182,-15.3632156835047,555.305634963815,10114958.028804,10049351.1615223,19369202.2952746
"9","American Samoa","ASM",8,5.298317,1.718405,282.036,1,NA,8.71588,5.64203472236479,1,NA,525515750.60675,23.8507122346092,NA,NA,NA,20.0798907204425,3.1718140799748,NA,403.202011344912,NA,NA,NA
"10","Antigua and Barbuda","ATG",3,6.086775,1.012466,204.623,2,82.6945,0.26279,5.32116926166675,1,-2.31962481015411,1696132289.52263,20.4545454545455,773.648205192671,3613836104.37479,2.14079494157501e-07,21.251616372172,3.01820512940605,-15.356918422876,451.631198429968,1405735.52250973,694204.01148352,3939053.85805033
"11","Australia","AUS",52,15.85472,3.738928,2.96069,63,200.991,29.3365,1.0854223492786,1,0.10925639055113,1968481164360.85,38.8906166673916,395277.939130175,2823677678569.75,1.39986919233073e-07,28.3082833787606,3.66075300475039,-15.7817168527518,801.358907852214,10487910647.7205,15256920427.4706,8344635783.89377
"12","Austria","AUT",13,11.32116,3.447455,102.935,3,148.79,28.4133,4.63409772106127,1,2.43678964332589,517568974985.371,29.6659959181104,42677.592209211,868652264789.696,4.91308132599452e-08,26.9724086382002,3.39000147130653,-16.8287794376778,727.510827746055,435240940.306728,341926998.075749,480068685.120872
"13","Azerbaijan","AZE",17,11.3224,-1.186659,112.104,8,58.8497,5.51902,4.71942701186792,1,-0.12938576657783,67021782172.3096,57.9923678856175,53188.0528211181,330501485169.381,1.60931357975168e-07,24.9282835105509,4.06031141370893,-15.6422879108544,621.419318782405,25439239.6681737,18117451.3406024,19174435.0928065
"14","Burundi","BDI",15,10.15347,-2.843237,362.176,14,43.5374,7.59183,5.89213028152006,1,-12.3068940927184,4152344595.5597,95.438682057227,1954.28130214017,15744583723.6965,1.24124037601507e-07,22.1469389744431,4.55848396857054,-15.9019844680733,490.486905937707,2040553.89561824,3447549.98090208,12709051.3789801
"15","Belgium","BEL",8,10.31824,2.838679,364.527,2,150.393,24.6255,5.89860062277944,1,1.53339093246799,623112955628.416,43.3136605697591,72204.9381352962,1062567393513.77,6.79532786118387e-08,27.1579936484942,3.76846807185253,-16.5044454471551,737.556619011653,193908788.078418,192725633.867256,326414275.470352
"16","Benin","BEN",12,11.63302,-0.9928355,86.7072,13,58.4917,25.2719,4.46253692532115,1,-6.42236264350684,17542521342.0293,39.3042850813169,32866.6431213916,72237576642.3,4.54979868498882e-07,23.5878935616799,3.67133354807933,-14.6030126640317,556.388722677141,14988109.2801699,11857536.0764901,14926212.3407411
"17","Burkina Faso","BFA",12,12.51942,-1.0813,60.878,9,58.3891,14.9769,4.10887186150264,1,-10.1109231239845,27220651562.4901,52.4720354558317,13820.4652110936,118400964669.878,1.16725951090242e-07,24.0272417707859,3.96028036970076,-15.9634369479946,577.308347111799,31663367.8375924,25209267.0598169,45646143.0612594
"18","Bangladesh","BGD",36,11.7766,-1.887096,1160.73,37,40.2503,4.88866,7.05680439651252,1,-6.75868946930502,577508325909.201,69.7301694795907,213077.585197398,2475853035016.76,8.60622913330379e-08,27.0819886963972,4.24463307174181,-16.2681944850584,733.434111751787,52492784.844795,90641622.6921601,33055695.025929
"19","Bulgaria","BGR",17,11.59518,0.3747948,67.3264,8,60.5104,28.2937,4.20955243313426,1,1.32594372836892,82902989508.8122,44.2303901372771,38532.7508979329,276660283359.808,1.39278216699502e-07,25.1409369600637,3.7894121124897,-15.7867923452768,632.066711229895,54318655.2891989,46275464.9418288,35037039.2010332
"20","Bahrain","BHR",7,6.641584,0.3325953,1666.14,3,71.9713,1.68916,7.41826485280961,1,-7.55400832561989,58260212276.1876,10.4143331936365,90005.2400605313,164287010615.272,5.47853660027366e-07,24.7881852320719,2.34318304900865,-14.4172576294066,614.45412709951,4167112.46202995,3775392.53792998,1069270.87220085
"21","Bahamas","BHS",10,9.21134,1.528742,36.0958,5,122.408,6.11682,3.5861765150801,1,-5.92604831295898,12316504379.5549,1.57932110121879,4816.64715081353,16378392171.6196,2.94085469461392e-07,23.2342060193655,0.456995071925863,-15.0393953994027,539.828329350322,17640332.8446956,6714580.47479853,21739451.5066826
"22","Bosnia and Herzegovina","BIH",7,10.84349,-0.7116999,69.8705,4,66.3814,1.41423,4.24664352868589,1,-3.19026299521468,24730858274.0956,44.5633511019124,40207.092198495,86807949144.4768,4.63172930529406e-07,23.9313176236638,3.79691179705328,-14.5851653525304,572.707963204683,17595512.1542995,9778672.29336119,14386664.3675843
"23","Belarus","BLR",9,12.22061,-1.002079,46.8314,4,43.4602,9.40608,3.84655391811481,1,-0.313418175806161,80000659683.4392,39.2483641573456,73459.6837150774,321033220197.47,2.2882268591983e-07,25.1053007176293,3.66990976584003,-15.2903184306085,630.276124122597,44507578.9917634,22764660.6311971,16681331.2852719
"24","Belize","BLZ",6,10.03495,-0.9867359,14.8039,10,74.1348,20.5909,2.69489065957,1,-2.53238215426729,2430736369.93188,7.5401016107329,831.637807352089,5966682620.11821,1.39380265433929e-07,21.6114600812875,2.02023565815358,-15.7860599165475,467.055206845081,3376822.38874926,1571475.36850271,1771261.64949663
"25","Bermuda","BMU",3,3.988984,2.467345,1200.26,4,201.628,0.01155,7.09029347897393,1,-0.495567593854344,4096405400.21322,3.89755395418131,741.179218783079,NA,NA,22.1333756944474,1.36034916513334,NA,489.886319631554,1109709.24784515,NA,673318.939701825
"26","Bolivia","BOL",55,13.89552,-1.578444,9.57869,21,54.7661,30.8655,2.25954083941753,1,-4.34416345794569,71420573928.534,35.5438861366964,58434.5530759797,242891205516.182,2.40579122458539e-07,24.9918518150442,3.57076816218194,-15.2402168099948,624.592657145129,82019041.0066052,70442047.6912863,39475104.1209568
"27","Brazil","BRA",175,15.93875,-0.5654845,23.8226,80,113.4,25.9646,3.17063470994364,1,-5.52947699978372,2251784683863.08,35.8224419007184,1107226.64358056,5282603357716.94,2.09598671072494e-07,28.4427442105617,3.57857456574167,-15.3780712248226,808.989698227443,3899997614.30493,6087649257.56074,10493583994.9097
"28","Barbados","BRB",4,6.063785,2.132025,658.168,3,130.035,0.008971,6.48946021788587,1,0.571465322307594,4887038789.14132,12.1472482653394,1299.50503818784,6274747557.61896,2.07100767999813e-07,22.3098523924121,2.49710266391706,-15.3900603601992,497.729513771217,3371882.10931167,2155553.57728627,2137547.98855771
"29","Brunei Darussalam","BRN",31,8.569786,1.964203,75.7876,33,73.5477,8.98941,4.32793469087578,1,-10.9172554247225,13191188919.3054,4.46422671797781,33415.8993740735,44376314414.7036,7.53012047413327e-07,23.3028149375441,1.49609601186681,-14.0991846100536,543.021184013429,17807922.8064306,8907128.90247214,80298022.3821244
"30","Bhutan","BTN",21,10.54858,1.261443,18.455,25,46.5731,48.0077,2.91533533648196,1,-13.5398975713789,4971023948.09264,11.7653599244578,7696.81112028915,25010207483.5474,3.07746791998922e-07,22.3268916816077,2.46515961452547,-14.9939884959852,498.490092162244,14589348.8195422,13328127.3542987,58143046.3775747
"31","Botswana","BWA",16,13.24764,1.531405,3.59873,11,70.9802,29.1433,1.28058100544357,1,-8.17010967356106,29531147081.1206,45.7807562407584,21210.5508803579,96871758131.9246,2.18954949196569e-07,24.1087113765506,3.82386383340848,-15.3343998397226,581.229964237821,170212241.297905,181911112.367132,162282948.416683
"32","Central African Republic","CAF",16,13.34227,-3.710005,7.08434,16,NA,18.0648,1.95788671425162,1,-2.3902119592222,2359726929.97752,7.87529127598747,448.97893212021,5472855663.40049,8.2037415151059e-08,21.5818117416526,2.06373017145466,-16.3160904114173,465.774598052136,NA,2214260.59714214,438466.779965934
"33","Canada","CAN",24,16.02307,3.91746,3.81782,18,161.931,6.47717,1.33967957909004,1,0.120040475401247,2080635044078.76,6.4176724781534,516479.309686991,2838098158260.5,1.81980777579429e-07,28.3636942726975,1.8590555096238,-15.519364773143,804.499152795054,17700053774.8386,7794957769.47994,3088343460.49424
"34","Switzerland","CHE",9,10.58446,4.265937,202.572,3,209.63,9.66029,5.31109537890725,1,1.86495320175253,852564597424.965,37.2985594695115,29450.1633301436,1043102061111.78,2.82332519780034e-08,27.4715148173389,3.61895470578366,-17.3827654054954,754.684126359271,642275584.59415,491700690.592641,1199805655.12366
"35","Channel Islands","CHI",NA,5.288267,NA,817.27,NA,NA,NA,6.70596951762057,1,NA,NA,53.2212116605318,NA,NA,NA,NA,3.97445703230526,NA,NA,NA,NA,NA
"36","Chile","CHL",35,13.51917,2.465261,23.4726,19,92.786,22.5575,3.1558337834461,1,-3.22506944847012,431229769697.344,21.0634555275368,141104.481495894,1135082073816.36,1.24312139845073e-07,26.7899068933449,3.04753957337611,-15.9004701775103,717.699111354088,1060014574.24531,700593786.746373,733443499.989596
"37","China","CHN",96,16.05497,-0.3306336,143.945,73,69.9605,15.0382,4.9694312821722,1,-5.91079898491503,34662541008504.9,58.328917518321,30696509.7637722,111419533284227,2.75503844424357e-07,31.1766807099496,4.06609798270411,-15.1046642540974,971.985420090142,8613254432.55007,9237672097.01507,151569638838.664
"38","Cote d'Ivoire","CIV",25,12.66981,-1.382943,68.2125,31,62.3707,14.8915,4.22262783251235,1,-6.75984286646616,84568468460.4364,66.1330984354267,22540.9548776541,352314017044.183,6.39797277064549e-08,25.1608273208501,4.19166935429269,-16.5646995583507,633.067231469639,43807897.4310216,45605234.1148799,81471178.2759008
"39","Cameroon","CMR",29,13.06624,-2.185033,45.6445,46,62.0928,10.3821,3.82088311785474,1,-9.18594571380686,63885293892.8476,22.3507032374368,21105.0752021489,243521657779.056,8.66661117316194e-08,24.8803550293211,3.10685778532685,-16.2612028977162,619.032066385064,32803925.2460326,16920816.5092354,24874753.5241027
"40","Democratic Republic of Congo","COD",42,14.63399,-3.647667,30.6687,32,73.1887,13.3826,3.42324259053072,1,-15.4859426141616,95918198722.5502,11.9478963136961,47709.2379182651,259787798318.584,1.8364695427211e-07,25.2867615685334,2.48055522218565,-15.5102506492337,639.42031062386,45509347.9309192,18840227.9578953,36861890.3795019
"41","Colombia","COL",126,13.91942,-0.4858393,41.6414,58,81.0713,13.6078,3.72909486469935,1,-3.83332113273055,499363773252.119,43.722239630246,169043.823557865,1671222200770.95,1.01149819263939e-07,26.9366006716165,3.77785688867164,-16.1066630601465,725.580455742129,642735903.339682,747482171.59451,1053833159.12067
"42","Comoros","COM",14,7.528869,-2.328886,390.145,5,75.6386,0.125854,5.9665184648969,1,-1.70514787971685,1744342532.28378,71.466950907041,235.388011888267,5229267330.41106,4.50135739894874e-08,21.2796435492741,4.26923511776467,-16.9163017484507,452.823229584161,546868.89207064,592515.467686354,1368119.2858892
"43","Cabo Verde","CPV",7,8.301521,1.028214,125.514,4,79.4317,0.878073,4.83241730613504,1,-0.936516625359559,2667208451.78942,20.8373942749241,1045.57185428202,7319262954.4157,1.42852068684215e-07,21.7042982387431,3.03674917427516,-15.7614562268609,471.076562036305,5599703.14631165,2798653.3521504,4814275.65843846
"44","Costa Rica","CRI",27,10.84076,1.207609,91.6967,11,88.4237,3.03541,4.51848639170103,1,-1.25532009702721,89839555874.3242,33.0039736609139,9466.5756964389,191126531162.244,4.95304112876034e-08,25.2212912038462,3.49662796818439,-16.8206789865729,636.113529989208,88290196.2034534,50374189.8525935,73886225.092356
"45","Cuba","CUB",19,11.56524,-0.5529881,107.057,10,41.5148,7.18453,4.67336140290253,1,-3.56829991735694,133208981003.875,56.6295248408125,63207.0508281886,NA,NA,25.6151850177338,4.03653048949917,NA,656.137703492732,52955571.4590096,NA,77092756.7233289
"46","Curacao","CUW",2,6.095825,NA,341.062,3,93.0893,0.258538,5.83206427893841,1,0.140904886192869,2983184040.35416,NA,5750.65475325026,5153822904.45295,1.11580371694216e-06,21.8162570369735,NA,-13.7059355903502,475.949071103297,NA,NA,NA
"47","Cayman Islands","CYM",3,5.480639,2.457674,243.05,1,147.629,0.103443,5.49326718349146,1,-1.69817503625752,NA,11.2500001986822,725.319719314202,NA,NA,NA,2.42036814631107,NA,NA,NA,NA,NA
"48","Cyprus","CYP",7,9.131297,2.049533,122.025,6,120.607,1.6871,4.80422594177321,1,2.89169259030577,28044884891.9364,8.26631917019875,4605.64030646367,46968021860.5627,9.80590649556578e-08,24.0570720954924,2.11218932775624,-16.1376958361996,578.742717807718,30449717.4952645,12330035.647866,11521136.6158314
"49","Czech Republic","CZE",9,11.25457,2.179304,135.674,3,98.1817,21.9991,4.91025494936767,1,2.84097710806994,299345349725.963,34.9273806029015,71898.0042773441,777800554213.236,9.24375842725783e-08,26.4248637596254,3.55327106610996,-16.1967321848049,698.273424714765,191006210.17162,134677219.640499,133451554.294767
"50","Germany","DEU",11,12.76239,3.61323,234.261,5,139.57,38.7672,5.45643587839382,1,1.48153379710826,4614607205265.44,46.4293822173536,595027.319421563,7737557556333.63,7.69011816829071e-08,29.1602478676425,3.83793249626495,-16.3807445940651,850.320055702351,2088771190.87472,2310447118.72977,6396292071.26139
"51","Djibouti","DJI",12,10.05105,-1.389607,37.613,11,68.2076,1.26238,3.62734973532078,1,-7.77315139967546,6249919280.63054,73.4676685018043,1922.98755331138,NA,NA,22.5558343855122,4.2968454251121,NA,508.765664826655,5110492.54599284,NA,21109516.3321578
"52","Dominica","DMA",7,6.620073,1.114665,94.7307,3,88.8844,0.644266,4.55103812928271,1,-3.08104202310484,576167682.604673,40.0735626098682,200.628973975143,980882659.360191,2.04539219916487e-07,20.1719092919273,3.69071683035063,-15.4025060954191,406.905924481745,1491685.15847072,1056067.19562321,7579420.63011773
"53","Denmark","DNK",9,10.65001,3.996083,132.843,2,185.004,17.8708,4.88916797981271,1,5.76370482295667,398988823462.398,59.5633753094433,18544.8290245994,570408942514.666,3.25114626408975e-08,26.7121992420715,4.08704087695292,-17.2416731131506,713.541588348126,397256111.263169,468610826.428088,549109857.080629
"54","Dominican Republic","DOM",17,10.78539,-0.6571668,205.507,7,65.8101,16.5445,5.32548009661649,1,-1.12626876029417,154456832137.976,46.8740380753047,28186.6718413526,550398785873.581,5.12113626788172e-08,25.7631804906061,3.84746396301985,-16.7873044022025,663.741468991544,28985312.8433451,20750232.4271028,35324670.7705517
"55","Algeria","DZA",15,14.68334,-1.858835,15.7886,14,53.9264,7.1055,2.75928816062548,1,-4.72880986987076,240234274266.971,17.4715773345504,333465.839797856,1306367779561.85,2.55261837451087e-07,26.2048804269499,2.86057540825285,-15.1809760050667,686.695758190742,163152150.774382,56212658.4238604,33583900.8459421
"56","Ecuador","ECU",106,12.42263,-1.342917,62.4489,47,67.8523,14.7689,4.13434862232518,1,-5.44822913130118,158377645423.509,15.3954963561903,86321.1343703032,409040796406.421,2.11033068409477e-07,25.7882481789905,2.73407502224615,-15.3712509934302,665.033744141207,100098835.848096,66332694.9234481,114181591.261662
"57","Egypt","EGY",14,13.81095,-1.799044,87.3339,18,NA,11.5509,4.46973870362156,1,-1.63306642474819,402885800902.007,4.06037453048265,327359.487106277,2824545892722.25,1.15898094610448e-07,26.7219189862839,1.40127521824633,-15.9705545266802,714.060954309522,NA,34291797.1133171,21241303.5566558
"58","Eritrea","ERI",21,11.52288,-3.342376,30.4981,15,49.7533,3.59629,3.41766438659098,1,-3.87660985497852,2435227729.43155,75.4467545193961,739.641103741787,NA,NA,21.6133061124884,4.32342716930388,NA,467.13500111213,3091722.1593892,NA,3263182.72969636
"59","Spain","ESP",19,13.1215,1.805715,92.5987,17,126.458,15.0479,4.5282751026767,1,4.78135266735343,1507724776187.4,46.5866334638029,132128.056797987,2544570412887.2,5.19254865688967e-08,28.0416228596979,3.84131366444571,-16.7734560966187,786.332612605534,876984245.042566,666477727.960366,635721066.665515
"60","Estonia","EST",9,10.66636,2.814645,30.9333,1,93.9455,19.501,3.43183327353726,1,-3.15258547074009,35406587410.0065,26.0143804072025,26257.7499964223,98942204601.7905,2.65384727398192e-07,24.2901637248029,3.25864947770687,-15.1420852623025,590.012053777731,97523435.6789487,64942646.2514465,95923493.9175479
"61","Ethiopia","ETH",35,13.81551,-1.767671,93.1819,34,37.5378,18.475,4.53455349682253,1,-10.0213372199683,261993693405.967,39.3620377720133,42387.4951401056,1274879644018.58,3.32482327559134e-08,26.2915862694482,3.67280184350683,-17.2192642214552,691.247508563837,106007210.849177,72599223.2239432,155179931.729649
"62","Finland","FIN",11,12.62456,4.225566,17.7861,2,162.6,14.1772,2.87841725336128,1,3.73723162161337,288090651123.473,7.37615773067465,30374.1613867168,386612475942.044,7.85648763990485e-08,26.3865410284009,1.99825287033621,-16.3593411025373,696.249547443487,1305026030.56982,643854498.909774,255967915.289011
"63","Fiji","FJI",14,9.813016,0.0867584,47.0945,7,74.9579,0.990178,3.85215622138012,1,-1.47820397627644,7909255632.28822,23.0349350394769,1244.78712732706,20598525888.4903,6.04308839411949e-08,22.7912995096567,3.13701197830476,-16.6217655391573,519.443333338876,11301416.3776731,5183321.94986204,6728785.3079036
"64","France","FRA",16,13.21322,2.578672,119.744,9,151.407,30.8319,4.78535613065162,1,2.58626043277131,3081558109971.65,50.9644902173423,209815.620439167,4889548259996.04,4.29110439824837e-08,28.7564564648609,3.93112911996743,-16.9641366086541,826.933788415439,1459575000.2977,1475317306.50628,2947115896.01813
"65","Faroe Islands","FRO",6,7.241366,NA,34.3635,4,NA,0.023412,3.53699495455938,1,1.13170244543408,NA,2.1489970407132,442.795024840302,NA,NA,NA,0.76500124060647,NA,NA,NA,NA,NA
"66","Micronesia (country)","FSM",12,6.55108,0.1906066,152.064,5,NA,0.016761,5.02430148486007,1,-4.55287780998732,423013780.192685,30.4647923295473,209.781905446144,578173381.471967,3.62835634030854e-07,19.8629153137676,3.41657166698749,-14.829315904039,394.535404761903,NA,513688.785104261,4022132.5768095
"67","Gabon","GAB",7,12.45943,-1.370828,6.83318,18,86.9461,20.7781,1.9217901582001,1,-2.8567648828044,24155262815.7359,20.0256141576435,6337.15188236043,87204758905.7975,7.26697941932975e-08,23.9077681152801,2.99701216202937,-16.4373400243943,571.581376254003,20326072.7660764,10655424.2218148,6119200.4332842
"68","United Kingdom","GBR",11,12.3964,3.408765,263.265,5,144.203,26.6375,5.57316112944776,1,2.98479613451428,3278340827684.58,69.017405396444,287120.068059208,4958343664019.33,5.79064477000094e-08,28.8183585651236,4.23435872490942,-16.6644370993272,830.497790388035,1573225227.27281,2157940119.93617,4832933692.23248
"69","Georgia","GEO",14,11.14894,1.073271,65.9767,9,65.6842,6.44232,4.18930164939353,1,-5.80657175977494,27684344373.3533,32.1316724072068,33161.5835371727,108276344250.709,3.0626803820037e-07,24.0441329052849,3.46984222304009,-14.9988051765759,578.120327167005,56488510.2461656,32955384.0964536,52270535.8586515
"70","Ghana","GHA",23,12.33508,-0.1483664,114.365,21,59.6543,7.79456,4.73939508807932,1,-6.63929021344311,145369083000.534,71.5467911205334,51122.8984264617,510239217322.807,1.00193980961911e-07,25.7025417453269,4.27035165692594,-16.1161577203403,660.620652170271,99711845.4543006,102602277.00092,240479403.001079
"71","Gibraltar","GIB",6,2.302585,NA,3363.36,3,NA,13.1488,8.12069575329033,1,-3.03666571630076,NA,NA,883.472395362648,NA,NA,NA,NA,NA,NA,NA,NA,NA
"72","Guinea","GIN",20,12.41195,-2.198645,43.6675,30,49.0499,23.6553,3.77660411832041,1,-3.61301211090606,20228853435.0082,61.1879334171149,3721.3523055958,93147492638.4675,3.99511806510933e-08,23.7303758100497,4.11395000369142,-17.035607611952,563.130736086193,12793226.5054199,13877037.47112,11039057.8169764
"73","Gambia","GMB",14,9.222269,-1.201458,189.449,10,43.5016,1.36644,5.2441198590131,1,-6.84355653798498,2372224329.57688,80.1013410093055,1299.22270413649,12043071959.1916,1.07881336966096e-07,21.5870938876307,4.38329259562338,-16.0422339456659,466.002622513381,2825981.17100662,3375270.86545092,11794158.6900413
"74","Guinea-Bissau","GNB",12,10.24424,-2.86374,57.3732,14,60.1451,11.62,4.04957729533956,1,-2.90077808270672,2331914837.26354,58.9821430597826,438.06086213608,8235940041.68922,5.31889328866741e-08,21.5699555855841,4.07723473809125,-16.7494154906857,465.26298396407,1596848.87993211,1369583.02760449,2061336.72350207
"75","Equatorial Guinea","GNQ",6,10.24174,-2.694451,36.9771,23,80.5011,1.76532,3.61029880211593,1,-2.1912125923723,12386717107.036,8.81477257639473,6147.71267009992,25588630349.3229,2.40251728450273e-07,23.239890534366,2.17642901590213,-15.2415785947399,540.092512049316,2986490.04029007,932193.617398421,1285149.53769718
"76","Greece","GRC",17,11.76679,0.3230239,85.0163,10,124.26,10.2067,4.4428430028117,1,4.39547030328708,163192323519.292,33.9979799213424,38067.9053526296,285771782284.307,1.33210861647483e-07,25.8181952411109,3.52630110877291,-15.8313325382646,666.579205508121,87187719.3526879,51201605.5107838,27566523.2853914
"77","Grenada","GRD",2,5.828946,0.6597518,316.992,3,85.1621,0.205571,5.75887653696577,1,-1.04208873844366,1503129776.84003,28.6982484974294,334.720753135706,3124515319.07834,1.07127256215355e-07,21.1308152891927,3.35683609293916,-16.04924839873,446.511354785978,953091.385083995,568397.53351891,2375536.49190077
"78","Greenland","GRL",6,12.92501,3.24136,0.137534,9,NA,22.3722,-1.9838841197151,1,2.0672116685356,3071317015.04259,0.597493210576552,437.023764106225,NA,NA,21.8453723016813,-0.515012358292827,NA,477.220290999064,NA,NA,9291954.86520354
"79","Guatemala","GTM",17,11.58208,-1.454768,142.696,15,60.0598,11.983,4.960716493256,1,-5.4242881086065,114039147529.961,31.0339326124778,41356.7813588447,309743796873.426,1.33519320729915e-07,25.4598076257785,3.43508120624944,-15.829019645009,648.201804341647,26833912.8603533,13741476.2974552,27019372.8273104
"80","Guam","GUM",14,6.291569,1.605486,297.887,3,NA,0.070564,5.69671421996207,1,NA,6640431815.4236,28.850614019581,NA,NA,NA,22.6164428307635,3.36213127590201,NA,511.503486317196,NA,NA,NA
"81","Guyana","GUY",16,12.1902,-0.7791331,3.85295,11,72.3338,5.30608,1.3488390886587,1,-5.93752893364068,6060028679.90638,8.79528331734108,3010.46946547938,16202015335.5972,1.85808333292039e-07,22.5249803696743,2.17421559112617,-15.4985501607003,507.37474065421,22353065.9169333,8906227.31045711,5810190.34890636
"82","Hong Kong","HKG",21,6.956545,3.889044,6800.65,4,90.4786,46.5853,8.82477347483123,1,-1.25719741948845,502137523988.117,3.71554781037564,55158.2693984837,968626378066.915,5.69448351267936e-08,26.9421398712877,1.31252612635002,-16.6811828425304,725.878900844028,45005396.7923622,3136777290.30893,169.428714661616
"83","Honduras","HND",14,11.62527,-1.493024,77.114,8,67.6639,11.3854,4.34528484644577,1,-4.267682839159,35132783841.6568,29.8801338794334,15069.5190549177,104343031034.614,1.44422860880078e-07,24.2824005440827,3.39719384082464,-15.7505203066744,589.634976183268,17944701.1872923,9079105.04271438,10518242.1773416
"84","Croatia","HRV",14,10.93239,0.9926277,75.8314,9,91.6218,23.5566,4.32851245489241,1,3.5318933588493,61905726974.5661,38.7488473583362,10829.7323846487,164307212623.752,6.59114850268184e-08,24.8488785321402,3.65710100976562,-16.534953131005,617.46676430506,47750147.1865163,38039033.4677392,24010304.1793462
"85","Haiti","HTI",17,10.22412,-2.846554,371.709,4,60.8065,0.325451,5.91811129008514,1,-4.16516199358628,12194540939.351,77.1272874290479,5317.47183951522,37239618651.2656,1.42790716771599e-07,23.2242542245561,4.34545714050921,-15.7618857977563,539.365984286813,3447386.01209678,3603745.68465522,4130857.44827881
"86","Hungary","HUN",13,11.41109,1.160795,109.919,3,79.3416,22.599,4.69974373090718,1,3.70782131720024,189765757533.538,50.5618737821691,25948.4522027438,560521313180.919,4.62934264809453e-08,25.9690562934292,3.92319780971693,-16.8882658625873,674.391884771296,106047109.176537,91398430.6068984,72171134.2633058
"87","Indonesia","IDN",160,14.4097,-0.5679065,137.168,191,53.0276,5.19994,4.9212064519364,1,-5.11411618185379,1966651027108.36,36.3011416420088,912045.956382919,10447075360592.3,8.73015580823002e-08,28.3073532258227,3.59184919096934,-16.2538975268111,801.306246651495,1196982286.38635,2144965062.61467,5352160946.23529
"88","Isle of Man","IMN",0,6.345636,NA,146.763,0,NA,4.25076,4.98881904081536,1,NA,9240641148.8785,64.6746036650303,NA,NA,NA,22.9468771085995,4.16936859995173,NA,526.559169037168,NA,NA,NA
"89","India","IND",93,14.90515,-0.5967556,424.818,93,41.748,3.47931,6.05166084191138,1,-7.08293348679449,5943602939186.88,60.3607835056792,6530764.47500877,40590124295563,1.60895404691399e-07,29.4133366208414,4.10033961436012,-15.6425113433845,865.144371170929,2041144988.76311,2775312069.72733,8473093315.89108
"90","Ireland","IRL",9,11.14027,3.384597,66.8144,5,148.294,4.04247,4.20191862617325,1,2.82792806450474,637790749683.818,68.907053453328,23094.5163566807,1341689507707.91,1.72130110759638e-08,27.1812760879425,4.23275854510689,-17.8776002811922,738.821769768953,556371025.38116,536318392.486416,1338792320.20456
"91","Iran","IRN",28,14.30333,-1.815963,46.5362,18,56.5475,7.66653,3.84023050434721,1,-3.09098261662377,626884189142.231,26.6744882376249,1184006.64058523,NA,NA,27.1640276542068,3.28370761191006,NA,737.884398398511,213517618.151142,NA,88895455.7978439
"92","Iraq","IRQ",17,12.98295,-3.445539,74.4444,13,55.5426,1.53448,4.31005253803369,1,-9.48924243912949,434870234245.767,23.0159381146133,443854.925834731,2010560141335.47,2.20761824881254e-07,26.7983135114525,3.13618693744711,-15.326181432051,718.149607058098,36838245.0583568,10848413.8504565,48136882.4139886
"93","Iceland","ISL",7,11.51542,3.535711,3.24068,6,148.326,2.47823,1.17578318432645,1,1.72693554597242,32892432877.2357,18.5484277832532,1652.8404041593,38289183051.2395,4.31672935394686e-08,24.2165084645314,2.92038502984171,-16.9581827224305,586.43928221272,257304402.69486,138152132.402749,57920120.5719451
"94","Israel","ISR",18,9.982299,1.791805,366.581,15,142.165,8.58239,5.90421950645749,1,-0.652020246505122,555464251619.324,26.2364011730605,77450.7475866817,886265151294.17,8.73900406369178e-08,27.0430700904347,3.26714780425301,-16.2528845123006,731.327639916167,114373882.325201,70505103.468061,174932253.125132
"95","Italy","ITA",17,12.59181,0.9125534,202.952,8,137.749,13.359,5.31296949788035,1,4.59503660983768,1992538083710.18,37.1414630693419,173144.603423817,3442413677059.75,5.02974423375242e-08,28.3204303609589,3.61473394850736,-16.8053116092941,802.046775829925,461073130.685241,277706612.300037,323765660.488778
"96","Jamaica","JAM",11,9.290075,0.1820743,262.559,7,81.2542,1.40562,5.57047581868127,1,4.67078056133006,15875443428.7334,38.2249066546809,4598.1933667839,36367722048.4841,1.2643611168865e-07,23.4880393138537,3.64348730981557,-15.883528702297,551.687990809137,10714850.7929244,6843182.50700114,3389442.56522423
"97","Jordan","JOR",14,11.39251,0.1913463,90.8216,13,53.2833,1.79244,4.50889714277954,1,-2.98023138511374,61262651010.2689,12.7651249101518,44875.1144956314,187666091330.064,2.39122124714079e-07,24.8384362121498,2.54671683600803,-15.2462914334545,616.947913465033,55326637.6188492,20203981.161528,21329865.5884069
"98","Japan","JPN",49,12.80639,3.048684,349.791,29,173.625,7.38147,5.85733583326551,1,0.0818436712292591,5305835241910.47,11.5327593613541,1149769.45250176,7436482027822.47,1.54612012534969e-07,29.2998283198824,2.44519162580061,-15.682347003068,858.479939574583,3233010028.8288,1852401667.04141,4061665398.75078
"99","Kazakhstan","KAZ",27,14.80865,-0.5554518,6.21736,16,70.5102,3.20792,1.82734537935305,1,-3.61782122205026,289244510215.586,83.1557624928841,465394.277249097,1259868688542.42,3.69399034583142e-07,26.3905382234644,4.42071550561748,-14.8113883826575,696.460507724136,443722024.647272,470050514.422207,381199855.308666
"100","Kenya","KEN",44,13.25188,-1.387087,78.0348,30,49.8005,10.5051,4.35715488103871,1,-5.40556438492539,160568301344.715,50.0059064719803,40553.045899657,553453307688.091,7.32727500880914e-08,25.8019852425439,3.91214112789102,-16.4290770558623,665.742442456452,98860320.5238636,76941134.4067188,96931569.1189885
"101","Kyrgyzstan","KGZ",15,12.16421,-1.746043,29.6238,5,49.6224,6.63993,3.38857809230578,1,-8.19889480461355,13493136208.3062,53.6035047316998,24141.3417891145,58864211376.2959,4.10119174701727e-07,23.3254469640826,3.98161445272458,-14.7068180494802,544.076476074229,17131860.1888197,11827138.8252278,18156592.8201413
"102","Cambodia","KHM",31,12.08119,-1.52078,83.9377,39,42.8024,20.6494,4.43007485700586,1,-10.7218083884229,51563580235.2933,31.7208160918883,34158.9537295136,245241337512.851,1.39287096033407e-07,24.6660814508397,3.45697312442712,-15.7867285948132,608.415574139457,23914708.84857,16775626.4422373,45865570.1958436
"103","Kiribati","KIR",6,6.697034,0.0517595,130.61,2,NA,11.8198,4.87221578358943,1,-1.0882319434951,247822865.838278,41.9753086419753,163.549767323154,529678373.51339,3.08771842501928e-07,19.3282247982786,3.73708155593181,-14.990663206561,373.580273852793,NA,498019.017033691,2591537.97031108
"104","Saint Kitts and Nevis","KNA",3,5.560682,1.010442,191.914,2,86.1104,0.249478,5.25704735501648,1,-1.77583299353235,1205421936.28186,29.8432984951149,267.316294728128,2391447550.2395,1.11780120246148e-07,20.91009549719,3.39596030860706,-16.0067321073661,437.232093701604,948516.547656728,544761.686017016,4190187.22974906
"105","Korea","KOR",33,11.48509,1.924133,515.445,12,99.4332,3.95525,6.24503060523344,1,-2.87247126652524,2325986126615.05,15.2900120865023,814135.087157288,3865068576033.55,2.10639234761723e-07,28.4751652055253,2.72719981042479,-15.373118954685,810.835033481959,645619075.359284,319311479.312543,776963553.610947
"106","Kuwait","KWT",11,9.788076,-0.1574891,185.905,7,80.3532,10.9987,5.22523579054644,1,-3.4047456827635,158466793414.271,8.42121325748767,186996.731821634,446659136442.496,4.18656457608829e-07,25.7888109030417,2.13075391021213,-14.686215163576,665.062767792843,22371490.4065534,7973193.81868181,26638720.3998818
"107","Lao PDR","LAO",29,12.34931,-1.168843,27.933,45,39.6289,16.6822,3.3298087855745,1,-5.7966765601528,42975078081.4985,12.7938563471411,4788.78726974424,216198179985.442,2.21499888207509e-08,24.4838862051188,2.54896508282211,-17.6254288451619,599.460683705207,32041106.4839854,16152767.618745,16986848.3211634
"108","Lebanon","LBN",11,9.23308,-1.860752,555.534,10,71.7674,1.0426,6.31992981332728,1,-7.16662238001324,85364368445.7888,61.6389217675893,47228.6660559612,182431075046.06,2.58884984611514e-07,25.1701946193618,4.12129351788473,-15.1668819487363,633.538697176549,5945813.75962612,5085540.78206273,16275188.2618279
"109","Liberia","LBR",14,11.47543,-1.978815,42.6348,24,66.6759,1.06513,3.75267082120142,1,-4.65284679977136,5349741997.24033,29.3216060109769,2308.58377208971,15041824749.2945,1.53477640550092e-07,22.4003141718766,3.3783246507904,-15.689710944698,501.774074998775,7397374.06252622,3743757.92226759,3288100.67234184
"110","Libya","LBY",8,14.38056,-4.310379,3.569,10,64.5608,0.288586,1.27228544450802,1,-2.64370969251242,85360314280.1343,8.69612650578876,87093.1851720291,395794701013.757,2.20046364817305e-07,25.1701471257529,2.1628776972969,-15.329427563629,633.536306332046,25479668.971236,6079996.78998814,2069455.40612203
"111","Saint Lucia","LCA",7,6.413459,1.130635,287.431,2,88.0508,0.931714,5.6609828314328,1,-1.34379509379509,2232733659.49162,18.631311690202,507.184752375695,3754312859.95372,1.35093896352034e-07,21.5264925279444,2.92484358955326,-15.8172957717423,463.389880555645,1992567.81514345,1045671.07982675,3356456.0456409
"112","Liechtenstein","LIE",2,5.075174,3.691038,228.501,0,NA,22.1199,5.4315405866923,1,4.34727737248746,5281177528.65539,22.0079437533159,21.6097396427222,NA,NA,22.3874149265908,3.09140346788091,NA,501.196347095342,NA,NA,9759585.96263319
"113","Sri Lanka","LKA",16,11.04628,-0.2446327,327.982,30,45.082,3.37869,5.79295872882951,1,-5.74601103289111,167338179610.258,51.7971243313432,36257.7368657333,868880092739.236,4.17292756143451e-08,25.8432826293649,3.9473346328855,-16.9920629013639,667.875257061236,47688857.5574468,37034210.6974795,79100492.74054
"114","Lesotho","LSO",8,10.32088,-0.702312,66.8238,4,69.6686,0.260612,4.20205930451246,1,-2.42025990227147,4100245772.51959,80.2736525777269,3502.09612857583,14248502947.8575,2.45786953295499e-07,22.134312753377,4.385441454755,-15.2188007197606,489.92780106431,7643878.49631561,8322838.07738949,12069588.3119641
"115","Lithuania","LTU",10,11.04554,2.132509,48.1888,2,81.377,17.6225,3.87512662891036,1,0.910223602526489,65409759660.6421,51.23192831194,12740.0041587649,193854881562.648,6.57192847354102e-08,24.9039373145609,3.93636293753045,-16.5378734273513,620.206093767578,106529140.449399,94464163.9890149,93742727.3085979
"116","Luxembourg","LUX",3,7.795647,4.013399,220.028,0,162.429,38.0049,5.39375481098115,1,1.94041343459842,91019192837.288,54.6113438280217,7613.14490346072,151267477080.61,5.03290267702667e-08,25.2343362315247,4.00024162358922,-16.8046838533158,636.771725045639,36184762.90971,55219764.0983206,195163439.979507
"117","Latvia","LVA",11,11.03796,1.85179,33.0762,1,88.0876,17.5107,3.49881399052201,1,1.51187276623929,36749021188.374,32.8974265597213,6544.91430516374,100841285037.194,6.49031227909254e-08,24.3273774279206,3.49339443464272,-16.5503700974305,591.821292520501,75147505.4895078,51166527.8857371,34190816.2444094
"118","Macao,SAR, China","MAC",4,3.396571,2.210991,18861.3,0,73.795,NA,9.84486748276212,1,0.399380597009124,108473558902.166,NA,1128.77667199609,259420318774.51,4.35114981481937e-09,25.4097722834738,NA,-19.2528257015277,645.656527497994,NA,NA,NA
"119","Morocco","MAR",18,13.00875,-0.4081735,74.6496,18,58.6097,18.48,4.31280516563193,1,-3.05037953648602,185387789750.646,70.6273845689144,101732.279330006,720191078123.014,1.41257344641291e-07,25.9457156289592,4.25741795270426,-15.7726824708112,673.18015949882,113060476.013816,122954785.220178,147516125.885653
"120","Monaco","MCO",0,0.6931472,NA,18138,3,NA,99.5464,9.80576446400751,1,NA,9649130558.33614,NA,NA,NA,NA,22.9901336506565,NA,NA,528.54624527505,NA,NA,NA
"121","Moldova","MDA",11,10.40057,-0.9336907,124.04,4,60.8012,4.15085,4.82060409423225,1,0.0634541941452599,17629303362.9222,72.4681253335042,5692.60262543211,55628347657.9064,1.02332764949976e-07,23.5928283182772,4.28314681461362,-16.0950359322775,556.621548055705,11000452.8709402,10309177.406495,11405827.1324171
"122","Madagascar","MDG",37,13.27371,-1.833592,38.5646,121,42.9007,2.22158,3.65233475723312,1,-8.15757825123367,18972417451.0861,72.4174641287491,7610.73841788335,91622685727.7139,8.30660917373793e-08,23.6662520482557,4.28244748755138,-16.3036292600248,560.091486011568,26069240.6238974,42350645.4453893,43073926.1413137
"123","Maldives","MDV",0,5.703783,-0.7477362,1357.98,2,75.3014,0.050926,7.21375358046969,1,-7.51232449767179,9883333479.53507,25.8762263584432,4336.8266192763,21833471107.5263,1.98632026850799e-07,23.0141156885148,3.25332464595779,-15.4318118352412,529.649520924343,727824.345272253,666355.400093667,516951.414856447
"124","Mexico","MEX",71,14.48023,-0.7179532,60.2427,96,79.645,14.9549,4.09838140320435,1,-0.0612974713411768,1562981299593.16,54.4111161340723,553695.25618844,4888822229294.46,1.13257392111872e-07,28.0776162028646,3.99656847368704,-15.9936028022024,788.352531635362,569709223.606508,696042113.86156,897180911.633277
"125","Marshall Islands","MHL",4,5.192957,-0.9358137,316.076,1,NA,0.270441,5.75598269099902,1,-1.46296296296296,253347597.818967,54.061783023865,132.849374414434,407755298.686915,3.25806616964258e-07,19.3502730081715,3.99012752261784,-14.9369618310883,374.43306549077,NA,152501.861642761,1325679.59475208
"126","North Macedonia","MKD",13,10.13609,-0.1794413,82.1772,6,54.4661,9.65368,4.40887789132456,1,NA,NA,NA,NA,NA,NA,NA,NA,NA,NA,NA,NA,NA
"127","Mali","MLI",17,14.01452,-2.094632,13.1424,14,57.442,8.2316,2.5758436447801,1,-6.5434251314082,28858805246.8134,34.6388226563255,3573.25991747673,113398448970.985,3.15106595363665e-08,24.0856809911959,3.54497509513526,-17.2729399503786,580.120028809655,47321908.6452642,25254783.1327454,12509606.5261702
"128","Malta","MLT",5,5.768321,2.397337,1345.47,2,100.07,6.39471,7.20449867337435,1,0.929214178148655,25288737482.302,38.6838250429454,2090.30361567276,58926127693.0048,3.54732899905266e-08,23.953624974765,3.6554215551205,-17.154485818289,573.776149431685,5418453.60972735,8026162.10949296,2159407.83365772
"129","Myanmar","MMR",56,13.38966,-2.22371,78.7893,49,37.0459,4.44265,4.36677720084194,1,-9.88491255570164,175022369888.961,22.3710092170859,77628.3794652911,1478195652453.39,5.25156323768438e-08,25.8881796306375,3.10776588924014,-16.7621549521115,670.197844588157,79076409.5152762,38826788.1590709,79742792.103922
"130","Montenegro","MNE",13,9.506735,0.2797183,46.0879,6,66.1227,3.6528,3.83055044266553,1,-1.17773803092153,7295547588.83201,10.2463605132086,3444.82506653797,25361986106.3679,1.35826313132198e-07,22.7105300796862,2.32692257064938,-15.8118888767315,515.768176500332,10037535.3050412,3875364.76249491,5088436.78221085
"131","Mongolia","MNG",24,14.25606,-0.4388356,1.82875,11,54.7316,17.6103,0.603632673352197,1,-15.2004690894403,30111907132.2054,68.7242551560552,150341.595168359,168082120885.406,8.94453225461483e-07,24.1281865162654,4.23010219595773,-13.9270532266321,582.16938456369,130458827.521833,153333439.134238,294002978.954394
"132","Northern Mariana Islands","MNP",17,6.131227,NA,120.019,3,NA,33.2266,4.78765006358198,1,NA,1468616025.66356,6.52173913043478,NA,NA,NA,21.1075863151268,1.87514107816711,NA,445.530200050527,NA,NA,NA
"133","Mozambique","MOZ",30,13.5752,-1.740693,31.8275,17,71.1118,13.4487,3.46033069595366,1,-23.4114916979286,29868604740.9434,64.9731345447638,137730.664557491,140189396233.682,9.82461357690047e-07,24.1200737570337,4.17397386976163,-13.8332048245718,581.777958044744,46779439.5380047,48116314.1548751,446234748.597518
"134","Mauritania","MRT",19,13.84575,-1.735111,3.61573,18,52.3339,1.08072,1.28529377160053,1,-6.81843326466628,7695009597.468,38.5963474817475,6809.12350313471,40837053467.6641,1.66738854176302e-07,22.7638378514708,3.65315764716838,-15.6068369959061,518.192313728054,38215936.2653428,22453780.1369117,8926626.09620197
"135","Mauritius","MUS",12,7.615791,1.847776,617.637,7,71.6095,0.011497,6.4259009062425,1,-1.94395174427416,22467401226.9845,37.428730849603,7033.13424119388,69750273818.7337,1.0083306998151e-07,23.8353312612252,3.62243861403725,-16.1097994599007,568.123016332338,12577387.7705024,10335013.9067146,12635738.6911576
"136","Malawi","MWI",19,11.45402,-1.189645,163.965,10,63.1277,20.882,5.09965299041391,1,-4.83376985272879,12460954356.1493,70.3996140972769,2280.3778572653,62656021688.8566,3.63951906903605e-08,23.245865940964,4.2541877815762,-17.128829194924,540.370283345271,12539839.5563703,16476223.7629745,16581694.005147
"137","Malaysia","MYS",63,12.70244,1.26495,88.207,71,61.4955,8.96152,4.47968632494287,1,-4.85641414959871,625707989111.606,34.72977740344,465196.741079583,2715848513465.07,1.71289649909837e-07,27.1621496281473,3.54759745739021,-15.5799098542833,737.782372421863,524824291.087322,440736703.517771,1193113272.46033
"138","Namibia","NAM",32,13.62106,0.6073833,2.67252,15,82.8156,23.2472,0.983021847518621,1,-8.34564965688923,21576043253.3729,47.1202220744182,13948.4334372673,60125007515.7755,2.31990547919808e-07,23.7948494274802,3.85270225228677,-15.276569207835,566.194859276457,138990380.671693,149358296.963735,106750064.240633
"139","New Caledonia","NCL",17,9.813562,NA,14.1889,9,NA,95.9299,2.65245996878732,1,-6.11478981085456,NA,7.65280429986894,10396.385688049,NA,NA,NA,2.03507215581246,NA,NA,NA,NA,NA
"140","Niger","NER",13,14.05193,-1.676255,14.2027,13,60.4191,17.3171,2.65343208737781,1,-15.5484399731851,18467329902.6297,39.2810568840391,11157.6730885568,72871170574.0308,1.53115052230725e-07,23.6392690566915,3.67074238954077,-15.6920762227816,558.81504153465,44356800.642929,30463237.6670829,48619108.6145837
"141","Nigeria","NGA",21,13.72205,-2.644061,184.462,31,62.3197,11.6107,5.21744348020786,1,-0.197438379959872,670949801599.603,74.2409130148589,91035.2569882206,2939755122332.72,3.09669524160854e-08,27.2319601597926,4.30731538655506,-17.2903452521919,741.579654144532,83098718.573094,78951976.7798206,75986894.3202439
"142","Nicaragua","NIC",17,11.69808,-1.432859,49.7368,7,51.2872,15.498,3.9067451017661,1,-1.16258148112113,19571465737.0246,40.5821893767731,5728.17094018248,78689715103.4423,7.27944043596098e-08,23.6973385126895,3.70332928505599,-16.4356267478901,561.563852584996,15827124.5862928,10246861.6324778,6819368.22676696
"143","Netherlands","NLD",10,10.42576,3.969671,496.834,3,149.09,20.1041,6.20825596628072,1,0.832373403518339,1033091439571.76,48.7396808573539,143633.489995667,1432834837051.98,1.00244275391285e-07,27.663576820611,3.88649350031665,-16.115655875719,765.273482509848,505483784.488885,590084387.85288,971528449.58783
"144","Norway","NOR",11,12.80817,4.166376,13.7041,8,206.383,5.028,2.61769505813472,1,-2.17765650528099,498777377012.842,2.51023542695824,66641.0165245861,469941094294.92,1.41807169735967e-07,26.9354256948978,0.920376544346051,-15.7687976618137,725.517157365362,1794008514.56888,743857516.414524,882449998.557223
"145","Nepal","NPL",38,11.87304,-1.682274,188.275,29,42.9055,23.6261,5.23790365998742,1,-15.7254939296757,50849581371.278,28.1348140785727,52449.7528993882,231843188342.642,2.26229432377683e-07,24.6521377267872,3.33700774467335,-15.3017161651166,607.727894500484,20885274.4254968,15041556.9850093,70380611.7523637
"146","Nauru","NRU",2,2.995732,-0.9580744,552.381,2,NA,NA,6.31423802557793,1,-1.23106060606061,719535686.638471,20.0000002980232,31.7308083243496,2137648805.77917,1.48437892316852e-08,20.3941166822813,2.99573228845515,-18.0256842927383,415.919995250502,NA,35607.7665300564,390476.956285251
"147","New Zealand","NZL",69,12.48109,4.40973,16.9539,9,151.37,30.4963,2.83049789585574,1,-0.522160206576133,266359520517.879,36.9224164374946,35193.6990835706,416220783275.837,8.4555362196431e-08,26.3081128140591,3.60881885812922,-16.2858593431938,692.116799837261,1785743268.8655,2307160392.19345,2292037038.15231
"148","Oman","OMN",13,12.64271,1.003151,11.6042,10,64.2477,1.01831,2.45136710154669,1,-5.81569795593763,129907568285.713,4.52116798356391,228386.31303219,473538354877.522,4.82297390865542e-07,25.5900890213254,1.50877036390706,-14.5447049196611,654.852656119359,223905265.674576,68885628.1701675,87557005.5520667
"149","Pakistan","PAK",33,13.55529,-2.27564,243.357,25,36.3605,9.79494,5.49452950101883,1,-1.66961629510731,498977369572.754,49.1506057761929,243390.31269363,2919690419793.71,8.33616848702838e-08,26.9358265801119,3.89488917156693,-16.30007704717,725.538753553863,102119374.15758,68877804.3394163,51659647.5699721
"150","Panama","PAN",25,11.2164,0.1879652,50.7921,17,70.572,5.23497,3.9277408306802,1,-2.71526123678718,135957493907.506,30.9905079256156,18438.8524761835,349417781028.267,5.2770217994979e-08,25.6356081290324,3.43368096164971,-16.7573188584974,657.184404145313,67536345.4029506,33930329.178921,72156923.5157264
"151","Peru","PER",119,14.06237,-0.4464307,23.2142,53,71.227,13.132,3.14476416039997,1,-8.13093307224138,390381799777.604,18.8297624874673,197552.138997702,1183001675483.89,1.66992273207809e-07,26.6903910709765,2.93543872907211,-15.6053182938168,712.376975521662,631343073.717002,470473367.829281,868831050.503879
"152","Philippines","PHL",93,12.60542,-0.7658762,326.181,38,53.1543,3.1414,5.78745244201597,1,-5.79170676142533,641324259462.097,46.140944345295,191376.033010015,3047767452751.02,6.27922031378321e-08,27.186801030956,3.83170071949097,-16.5834349250362,739.12215029679,281156051.015225,254540111.147197,523975832.682587
"153","Palau","PLW",6,6.131227,-0.064204,39.3585,4,NA,82.9416,3.67271196170176,1,0.155177450527665,307025849.407877,10.8695652173913,273.425187314623,524334726.519668,5.21470681771383e-07,19.5424425020325,2.3859667019331,-14.4666127831245,381.907058945247,NA,201149.554497846,1246110.75999644
"154","Papua New Guinea","PNG",39,13.02334,-1.537582,16.8415,41,NA,0.657992,2.82384607848156,1,-6.40504178671156,42658406437.7105,3.2110767338637,13214.4700908285,115598796470.27,1.14313215139977e-07,24.476490194339,1.16660631200767,-15.9843236548063,599.098572233575,NA,18535899.0389744,14313466.1282176
"155","Poland","POL",11,12.63212,1.707697,124.254,4,79.3261,38.0547,4.8223278576175,1,1.29106078096338,889662238363.964,40.7750906720363,261506.539327139,2802865803569.27,9.32997002546916e-08,27.5141077201852,3.70807137222101,-16.1874489418025,757.026123637955,388897617.96136,338585537.757655,428874944.674792
"156","Puerto Rico","PRI",11,9.09043,1.306835,404.579,2,102.869,2.01927,6.00284702027245,1,NA,84907785261.5985,22.7582888888007,NA,129950749614.201,NA,25.1648316252539,3.12492942579927,NA,633.26875072738,31110833.9272072,NA,NA
"157","Portugal","PRT",15,11.42485,2.366959,114.215,13,112.5,14.2895,4.73808263710783,1,3.4077986000345,248156906107.082,37.3248925362517,26663.3523973437,474794324856.527,5.61576897647224e-08,26.2373270689657,3.61966046428519,-16.695102214743,688.39733172388,241142337.567103,176112975.876964,140363984.988801
"158","Paraguay","PRY",27,12.89245,-1.155236,16.1784,10,68.7779,11.7133,2.7836770192252,1,-4.63422479514149,69226217546.271,61.4843905211544,9859.25605448139,242850045009.321,4.05981232332197e-08,24.9606454940939,4.11878332993243,-17.0195439971899,623.033823481831,61101940.5510382,52193488.6099227,60792580.5699993
"159","French Polynesia","PYF",35,8.205218,NA,73.5542,0,NA,0.005852,4.29802254942795,1,0.317716206009783,NA,12.6308883354778,878.089078027809,NA,NA,NA,2.53614526923956,NA,NA,NA,NA,NA
"160","Qatar","QAT",9,9.359622,1.789578,178.515,4,85.4492,3.40826,5.18467263130251,1,-7.34958214386647,465242183119.913,5.96057199301877,510367.688440788,1281376834543.81,3.98296328357214e-07,26.8658239308659,1.78516644845526,-14.736069565086,721.772495484285,84767025.6891582,26280538.7287876,338992710.330923
"161","Romania","ROU",17,12.346,0.3802753,87.5799,9,68.2808,23.7333,4.4725515195594,1,4.52142637909694,333090812714.38,55.8552538150003,43365.7241298834,1167757403426.1,3.71359016887002e-08,26.531681000602,4.02276359118938,-17.1086816347493,703.930096717705,142431597.906004,127328033.728434,83724876.136971
"162","Russia","RUS",57,16.61139,-1.351165,8.76057,34,76.2039,7.61456,2.17026097132459,1,-0.383307380391106,1935584180840.25,13.4907078433394,1913699.20107335,7229891726482.14,2.6469265010757e-07,28.29143029909,2.60200114055096,-15.1446964949762,800.405028368268,1818317500.58698,714382848.559229,296768417.899041
"163","Rwanda","RWA",20,10.11334,0.4981196,429.431,24,55.8701,9.11445,6.06246107659757,1,-6.0682932901897,22487451828.7766,73.967783131438,1792.86873061414,106584379487.341,1.6821120873787e-08,23.8362232940874,4.30362963531747,-17.9006305452767,568.165540925596,20975626.7730881,32618247.1251838,43355028.9410505
"164","Saudi Arabia","SAU",18,14.58083,0.1436548,13.561,11,63.1699,4.3659,2.60719802610581,1,-4.55056224433234,1187983491057.34,80.7290827655054,1228397.0616242,4001124287573.22,3.07012972688549e-07,27.8032784403561,4.39109889158721,-14.9963758339375,773.022292031969,912427569.110205,815142559.727706,2013163900.30696
"165","Sudan","SDN",26,NA,-3.485029,NA,16,59.1857,2.75328,NA,1,-3.3323229826444,57453328380.8254,NA,25374.153875169,374883195454.979,6.76854929290003e-08,24.7742387748254,NA,-16.5083939646433,613.762906872062,NA,NA,NA
"166","Senegal","SEN",19,12.16801,-0.3260324,70.0494,19,64.573,14.548,4.24920070743584,1,-10.1228584441525,42131238693.6938,49.3513740761584,27522.7764768214,164548250439.622,1.67262650336841e-07,24.4640553142068,3.89896560898039,-15.6037005035079,598.490002416572,46902058.8283132,38907974.3506299,93272515.1496556
"167","Singapore","SGP",22,6.556888,4.517107,7387.55,14,91.3986,2.47093,8.90755142988096,1,-14.5418466407297,612020175128.904,0.772506874607093,367981.179410148,1535515288840.6,2.39646704975498e-07,27.1400310848123,-0.258114371082075,-15.2441000607551,736.581287284577,99796425.6959205,5727144790.95923,528.511176003771
"168","Solomon Islands","SLB",24,10.2396,-0.9398036,20.0266,19,NA,0.155307,2.99706138988742,1,-2.57884180926039,2270002872.83668,4.69995432175525,289.753021431408,3737348191.82414,7.75290410631994e-08,21.5430469340057,1.54755278989331,-16.3726132473823,464.102871200774,NA,2208357.40749779,2151418.7833628
"169","Sierra Leone","SLE",16,11.18692,-1.695077,93.1828,22,46.1889,3.29706,4.53456315530399,1,-8.05535450563589,7246556075.74123,53.8001504747025,4745.19943613193,33804347218.7709,1.40372461725781e-07,22.7037921689176,3.98527626409138,-15.7789665061472,515.462178849406,8316601.84403029,6359146.1116485,11817367.7821711
"170","El Salvador","SLV",7,9.938855,-0.6659815,301.301,6,64.868,2.15186,5.70810976508196,1,1.00641596610993,33371757552.8385,84.6586424896326,6226.23757185054,95374882320.3641,6.52817326781764e-08,24.2309757969724,4.43862720011461,-16.5445535843913,587.140188073462,11938602.6298552,14243295.205915,14114394.5121955
"171","San Marino","SMR",0,4.094345,NA,533.001,0,127.438,NA,6.27852330033669,1,NA,1364884772.3585,16.6666666666667,NA,NA,NA,21.0343358461655,2.81341071676004,NA,442.443284489284,NA,NA,NA
"172","Somalia","SOM",21,13.34924,-5.152836,20.3744,16,NA,0.827284,3.01427921084057,1,-0.314625496687815,NA,70.2420611025949,633.704744596441,NA,NA,NA,4.2519472926121,NA,NA,NA,NA,NA
"173","Serbia","SRB",13,11.37894,-0.0315176,82.3587,6,65.5638,6.45862,4.41108409767367,1,4.123847687289,61392450031.0351,37.8649703234489,19201.5137406116,188646586155.926,1.01785641245268e-07,24.8405527008749,3.63402641881925,-16.1003967914495,617.053058484945,45765598.9935021,25364345.0245781,11677071.6609392
"174","South Sudan","SSD",21,NA,-4.581429,NA,14,66.7441,15.5015,NA,1,-6.05328311887575,6000254681.19417,NA,3831.39523766173,NA,NA,22.5150677521393,NA,NA,506.928275883424,NA,NA,NA
"175","Sao Tome and Principe","STP",12,6.866933,-0.8917807,195.262,4,62.3958,0.244513,5.27434224649832,1,-3.88920519898781,725105279.24466,50.3063012229546,232.151064934634,1812425932.01594,1.280885805228e-07,20.4018274150279,3.91813034208187,-15.8705437770385,416.234561872582,653519.034155794,495826.056071909,3132645.60579207
"176","Suriname","SUR",9,11.95761,-0.5626384,3.46812,9,72.0551,8.48312,1.24361266039578,1,-2.45531870655001,4394347979.284,0.738143909370513,3254.3622660675,14538264055.7516,2.23848064224698e-07,22.2035850019661,-0.30361647424449,-15.3122982999417,492.999186939535,18078658.8140841,6606086.31632259,2557296.56580405
"177","Slovak Republic","SVK",12,10.78079,1.530294,112.427,4,91.1474,37.5148,4.72230412213607,1,2.85130774596507,143256095241.845,37.7663129596957,21532.074365523,331033186760.939,6.50450626301488e-08,25.6878997413173,3.63141751373583,-16.5481855360192,659.868193119971,65303897.5695676,59898502.6900168,58831920.3686003
"178","Slovenia","SVN",10,9.91061,2.087116,101.692,6,112.116,55.0795,4.62194863722691,1,2.76595562954475,61219586514.6271,43.5915204534136,9429.49854643091,123148407573.768,7.65702028325662e-08,24.8377330163511,3.77486264642688,-16.3850578328427,616.91298139154,30110264.4465405,43240807.6660647,49206235.5872823
"179","Sweden","SWE",11,12.92077,4.082053,23.4071,1,175.094,14.2664,3.1530393951449,1,1.22972116378532,686166199770.606,7.08754170937802,31878.787650792,934051130860.478,3.41295959049096e-08,27.2543857090468,1.95833855395762,-17.1931009139775,742.801540377497,1934380777.07364,892615409.949868,743827285.708202
"180","Eswatini","SWZ",13,9.752665,-0.9580909,62.8942,9,NA,4.18719,4.14145394959789,1,-2.40235785146074,6271580037.76067,70.8841594314371,1594.8729982744,23429513614.4772,6.80711099904747e-08,22.5592941594875,4.2610469872985,-16.5027129430164,508.921752974287,NA,5217372.49365475,10945309.5176595
"181","Seychelles","SYC",13,6.131227,0.8073043,195.888,6,69.683,0.051368,5.27754306733156,1,2.9921922665691,2435336172.99965,1.05271876166867,335.493070495211,7366857673.14618,4.55408649631114e-08,21.6133506426785,0.0513761145431043,-16.9046557830105,467.136926003371,1581902.20944015,573027.701800218,1355969.84868527
"182","Syrian Arab Republic","SYR",17,12.12069,-3.072047,105.32,14,NA,0.662846,4.65700333462811,1,5.81180332438665,NA,76.1468872688452,15560.3382280595,NA,NA,NA,4.33266420219376,NA,NA,NA,NA,NA
"183","Turks and Caicos Islands","TCA",4,6.856462,NA,35.6628,2,141.879,0.387546,3.57410812870192,1,-4.74322635036921,1568943170.49719,1.05263157894737,643.382009569919,2222817628.70788,2.89444352636305e-07,21.1736680898356,0.051293294387552,-15.0553027772826,448.324220378522,NA,NA,NA
"184","Chad","TCD",16,14.04599,-2.991876,10.2121,16,68.4415,20.3544,2.32357329173239,1,-7.7347790765075,17043556849.5467,40.1698991274391,2139.46748538471,68701736941.9993,3.11413885676709e-08,23.5590380718674,3.69311793722637,-17.2847280804085,555.028274871699,20028389.561481,13832019.2400598,7436714.98730858
"185","Togo","TGO",13,10.90394,-1.739096,124.913,13,58.772,21.7912,4.82761749498186,1,-11.8558420052804,10266654602.4823,87.2423301979373,9235.98701695502,43972237511.0612,2.10041324702472e-07,23.0521670631742,4.46868965117774,-15.3759615412909,531.402406308496,5936532.15663465,9474291.49363153,46115679.3732376
"186","Thailand","THA",62,13.14391,-0.2820094,132.627,59,52.3155,12.5098,4.88754067693354,1,-2.91909836863167,734985572797.926,50.941375879674,484014.038538223,2880869646760.97,1.68009697725272e-07,27.3231167071202,3.93067547899562,-15.599244134654,746.552706590913,304073244.624575,298326364.886636,563795426.898511
"187","Tajikistan","TJK",15,11.84589,-2.334846,56.8496,7,48.6628,22.2786,4.04040918411199,1,-10.5693916821166,16620462710.3636,34.5744932929511,20209.4268822761,114804506972.95,1.76033392896654e-07,23.5339004665616,3.54311622214195,-15.5525921275378,553.844471170028,8819462.2308298,5437095.84651992,12637351.7903612
"188","Turkmenistan","TKM",19,13.06034,-2.745214,11.2655,10,64.9789,3.21224,2.4217449581633,1,-4.40856078635829,117784153230.79,69.5179382780063,131258.127276637,554341069623.796,2.36782252784762e-07,25.4921195764561,4.24158482398697,-15.2561248827554,649.848160500335,35141435.9749046,24910688.1394322,38498549.9484732
"189","Timor","TLS",6,9.607101,-1.642235,76.4402,5,66.6383,4.4227,4.33650873579984,1,-13.5938809058387,2502968470.99857,25.136097392866,2522.95720757361,10197367611.7859,2.47412597409711e-07,21.6407432528319,3.22430495614237,-15.2122084590859,468.32176853499,2442953.89675688,1131678.91095839,8359315.07826967
"190","Tonga","TON",5,6.579251,0.0595575,142.281,2,NA,1.52165,4.95780397545027,1,0.322195918344417,569293968.95207,50.081004236853,150.347040950257,1147488414.37404,1.31022709307502e-07,20.1599075000694,3.91364177924361,-15.8478951752769,406.421870411356,NA,627957.114036904,2757043.2503481
"191","Trinidad and Tobago","TTO",5,8.542861,0.0945388,262.309,2,79.2273,2.01446,5.56952319814084,1,-1.08260699426836,23188373442.8031,10.5263157894737,79790.6045012638,52357052698.0304,1.52397051379986e-06,23.8669168452969,2.3538783873816,-13.3941914487873,569.629719700319,7364325.23612381,2760749.10339383,4592232.72977128
"192","Tunisia","TUN",11,11.9535,-0.6518101,69.8967,14,54.24,5.2086,4.24701843782489,1,-2.97193197265183,52482853987.7115,67.3741105888172,44057.7490537248,261225409248.184,1.68657976957619e-07,24.6837523624914,4.21026082823393,-15.5953929776684,609.287630692798,41133152.6299832,35278173.1497997,41734505.7873311
"193","Turkey","TUR",20,13.55367,-0.6180814,97.493,19,75.6773,0.190643,4.57978058055463,1,-3.64045247506309,1367449922884.13,46.1390566052322,695830.549288084,7377930718540.18,9.43124265913089e-08,27.9439687511089,3.8316598061827,-16.1766528787746,780.86538956295,369866111.64747,185690313.855893,509832868.816949
"194","Tuvalu","TUV",1,3.401197,0.0903002,359.005,2,NA,0.008598,5.88333631596789,1,-8.33333333333333,58319311.7468688,65.1346149582012,18.5899914707575,84232583.4723325,2.20698341478078e-07,17.8814438442725,4.17645612768968,-15.3264690385372,319.74603395587,NA,90631.4877651202,7092970.66683011
"195","Tanzania","TZA",49,13.69425,-1.154125,53.5099,41,42.8566,30.928,3.9798666835119,1,-8.84664783389191,119425021692.757,52.6178581930274,58323.9556630777,603631505200.742,9.66217885590342e-08,25.5059545778658,3.96305557149654,-16.1524615667202,650.553718928152,96926736.1123499,116229840.494889,176349051.908048
"196","Uganda","UGA",30,12.20758,-1.272696,174.606,31,42.6071,16.064,5.16253200707623,1,-9.68184735501304,53605781304.3103,78.7428305701165,31710.9578609769,262113355625.813,1.20981846900799e-07,24.7049227593617,4.36618723318184,-15.9276253282179,610.333208546029,32701327.2754212,46745108.0455598,109373499.678304
"197","Ukraine","UKR",17,13.2696,-1.93524,78.7608,11,55.5827,3.87541,4.36641541115966,1,3.90096363516651,115934999242.581,72.2409971281454,125983.079978747,408390557772.456,3.08486759992482e-07,25.4762955196402,4.28000771200552,-14.9915869118883,649.04163340404,60004262.076805,49336775.2664294,15459936.6486643
"198","Uruguay","URY",22,12.07266,1.856546,19.3236,10,102.029,2.30505,2.96132714682981,1,-1.80904083968397,93504294964.4575,80.7283968390229,11259.9211728422,181664877512.361,6.19818278966778e-08,25.2612732076348,4.39109039490457,-16.5964245933037,638.131924070767,239045026.109559,290349397.291906,389474607.909781
"199","United States","USA",91,16.02923,3.009977,34.2668,40,128.952,26.3275,3.53417695539597,1,0.96357578946624,24849120320908.4,43.9720835153818,4567203.24725149,35142521856031.6,1.29962307940277e-07,30.8438434682836,3.78355496700031,-15.8560213674522,951.342679895979,40857984123.1207,44982328019.2803,194720524777.796
"200","Uzbekistan","UZB",19,12.96078,-2.102867,69.7252,10,45.1468,3.37516,4.24456180192106,1,1.4057557060019,114581679724.082,63.029372851936,81603.6247999454,1053333876624.74,7.74717557375372e-08,25.464553765656,4.14360085348244,-16.3733524091086,648.443498483987,48099209.1280583,32790948.2026615,17198250.3998626
"201","Saint Vincent and the Grenadines","VCT",4,5.966147,1.173125,279.08,2,80.7768,0.466329,5.63149847907104,1,-1.42560203136888,871047103.00794,25.6410256410256,250.60287197595,1893039105.29807,1.32381244145768e-07,20.585206612583,3.24419363285249,-15.8375798640088,423.750731282729,1196128.50432911,716282.203023277,3034677.45575252
"202","Venezuela","VEN",52,13.69,-3.629658,32.6576,35,81.5691,36.9025,3.48607760045764,1,-1.36984835500417,232693032404.74,24.5608066489287,264183.860719131,NA,NA,26.1729859644116,3.20115194675134,NA,685.025194293287,28924374.3882252,NA,14163168.7783975
"203","British Virgin Islands","VGB",3,5.010635,NA,185.995,1,138.699,0.040733,5.22571979163145,1,-2.92168036548875,NA,46.6666666666667,324.275097112903,NA,NA,NA,3.8430301339412,NA,NA,NA,NA,NA
"204","Virgin Islands (U.S.)","VIR",3,5.857933,1.928403,308.516,1,NA,0.986282,5.73177370585793,1,NA,2460144474.50606,11.4285714285714,NA,NA,NA,21.6234859146402,2.43611648561857,NA,467.575143100642,NA,NA,NA
"205","Vietnam","VNM",52,12.64455,-0.382095,289.993,56,42.1832,2.92949,5.66985678475816,1,-6.44035497011993,499311478904.549,51.6145110574896,454423.92138465,2386644549368.02,1.90402848846922e-07,26.9364959441838,3.94380285499638,-15.4741237522698,725.57481375103,202017755.170235,185148833.292802,383858846.302589
"206","Vanuatu","VUT",8,9.408371,-0.0558079,20.6053,8,NA,0.090731,3.02554832425771,1,-20.5612093021715,1262331113.14475,15.5742612728484,1358.11151803857,1765372523.15594,7.6930591148586e-07,20.956225938399,2.74561963323396,-14.077777142271,439.163405581228,NA,1975290.85562452,43605457.7372773
"207","Samoa","WSM",6,7.948032,1.291224,66.7495,2,NA,0.237693,4.2009468066156,1,-2.35079396039525,891142780.927949,10.2224249852861,309.935810243928,1822260756.60556,1.70083128399947e-07,20.6080152205518,2.32458383503321,-15.5869785288252,424.690291330495,NA,1685721.05284497,4375727.20847508
"208","Kosovo","XKX",NA,9.295324,-0.8776249,164.02,NA,58.6611,NA,5.09998837160826,1,NA,11883589759.8663,NA,NA,46838309150.8518,NA,23.1984242735762,NA,NA,538.166888776848,NA,NA,NA
"209","Yemen","YEM",16,13.1768,-4.014188,46.4456,11,45.7293,0.605803,3.8382817352618,1,-1.83887867141801,19441415703.7113,44.3865613503516,34881.0289147595,55321643911.9425,6.30513239452554e-07,23.6906714575921,3.7929367513343,-14.2767316834232,561.24791411157,10318887.1255392,5025206.95063869,1899448.77858291
"210","South Africa","ZAF",54,14.00868,0.2378267,43.66,30,84.7817,11.1688,3.7764323511218,1,-1.19140024039673,449008547399.408,79.7791358825488,570407.75331683,1298590957059.57,4.39251290189496e-07,26.8303077610318,4.37926201516451,-14.638194172628,719.865414551682,559317853.759079,778182034.995832,774093883.569313
"211","Zambia","ZMB",20,13.51898,-0.7368126,19.62,13,63.0979,37.9297,2.97654945413722,1,-9.40488794070743,52715926832.2132,33.6230445354838,15906.3108553926,227133652590.837,7.00306215039235e-08,24.6881834637654,3.51521168115238,-16.4743332404944,609.506402740541,62944995.9806146,53191127.2100956,61300678.2130075
"212","Zimbabwe","ZWE",19,12.86579,-2.811095,34.0985,10,65.0471,27.2146,3.52925339505216,1,-5.1718109871917,60262576158.5864,41.5375977253592,27012.211435472,194351561525.127,1.38986336016547e-07,24.8219771204581,3.72659898637994,-15.7888902106869,616.130548168545,17091836.350952,11727302.977139,12711799.982819
