"","countries","new_domexp","anthonyMan","ManualExtrap","AnthonyNeeds","ExtrapExpRish","ManualExtrapRishman","RishmanNeeds","EmExtrapExp","Wise_Manual_Exp","EmNeeds"
"1","Australia",NA,8648001821.47043,8648001821.47043,11091029209.0561,15036466041.1397,8648001821.47043,26536965754.7493,5488168237.28148,5488168237.28148,7477980166.58297
"2","Austria",45950000,399014161.615987,45950000,74683291.3316502,347353101.519465,45950000,323240029.254592,369418102.887313,45950000,571590402.809131
"3","Belgium",NA,178519206.634132,178519206.634132,272875321.071348,196000567.563915,178519206.634132,171413368.525731,237863501.153107,237863501.153107,394092511.538844
"4","Bulgaria",75015000,46527436.0782102,75014999.9999999,119249959.699015,47037172.8252279,75014999.9999999,55057527.4385536,41455466.0192179,75015000,129092187.679088
"5","Canada",7.2e+09,16381901142.8045,7199999999.99999,9310824403.35803,6665230644.57254,7199999999.99999,5729584578.04397,2165916669.78076,7.2e+09,2995486664.05841
"6","Croatia",95427000,47507913.2983566,95427000,150056150.366801,33407270.5160025,95427000,37518848.3120355,33351116.2234084,95427000,118157526.482064
"7","Cyprus",NA,29305277.4085478,29305277.4085478,48609260.3114774,14637256.6362503,29305277.4085478,11919560.80788,20246315.8673665,20246315.8673665,100476089.283727
"8","Czech Republic",78814000,170704924.014037,78813999.9999999,125009515.662711,169272234.318627,78813999.9999999,157350145.371112,172426490.060462,78814000,305802696.307281
"9","Denmark",313792000,374429513.89161,313792000,467564728.272268,493832722.349069,313792000,463357402.36063,710856653.891119,313792000,1032270774.32517
"10","Estonia",199734000,84423517.515006,199734000,303756493.210362,59354698.0969565,199734000,54294172.3493384,40596686.9153202,199734000,127933494.041622
"11","Finland",3e+09,1239105921.11421,3e+09,4036211395.06018,616559643.576898,3e+09,458475293.794504,230959912.313154,3e+09,384777957.390716
"12","France",2.5e+09,1384685760.5094,2.5e+09,3391361123.59598,1414534918.2276,2.5e+09,1357062101.99748,2305691939.64225,2.5e+09,3184076157.12894
"13","Germany",1.7e+09,1889749806.75065,1.7e+09,2346705527.57862,2105656806.88414,1.7e+09,2265747565.61557,2813250569.70366,1.7e+09,3868891323.94429
"14","Greece",106970000,106024861.095312,106970000,167340680.163433,88553261.0982739,106970000,101424898.944763,136775987.23162,106970000,257701839.389864
"15","Hungary",20912000,95090145.2969614,20912000,35220639.3802696,107953923.435723,20912000,103511519.957589,116523972.350265,20912000,230377140.078487
"16","Iceland",NA,198432676.991081,198432676.991081,301866668.560456,126824128.920312,198432676.991081,111163326.996768,43008685.3911726,43008685.3911726,131187843.471951
"17","Ireland",NA,398724246.279273,398724246.279273,587715565.586619,406463093.004858,398724246.279273,360087035.205706,478315516.059992,478315516.059992,718518453.581482
"18","Italy",1.9e+09,470707725.523176,1.9e+09,2609627066.92372,326777478.382432,1.9e+09,281259488.047635,631145976.11344,1.9e+09,924722448.149173
"19","Japan",2.3e+09,3366680219.46734,2.3e+09,3131841297.47139,1780583438.30529,2.3e+09,1843809116.83114,3353305024.95898,2.3e+09,4597550950.55785
"20","Latvia",8668000,68586386.5319927,8667999.99999999,15192178.1102016,50963745.2572527,8667999.99999999,42273067.3968163,36379561.0060954,8668000,122243605.993304
"21","Lithuania",NA,91519507.4977755,91519507.4977755,144184134.501793,85227939.7340735,91519507.4977755,74167217.4652619,65422788.0844107,65422788.0844107,161429704.344318
"22","Luxembourg",38481000,30757375.7027439,38480999.9999999,63047631.4353503,54758577.9573473,38480999.9999999,62141272.5356036,122743137.214604,38481000,238768246.389712
"23","Malta",21490000,4003335.48410492,21490000,36149518.5662105,7710292.20733044,21490000,7536357.0084049,1934688.70640394,21490000,75769426.3167756
"24","Netherlands",2.3e+09,473288790.255132,2.3e+09,3131841297.47139,655839750.840838,2.3e+09,521080246.283412,580703416.054265,2.3e+09,856663650.336322
"25","New Zealand",813442000,1479300004.33504,813442000.000001,1160955161.48408,2192001605.21372,813442000.000001,2770437061.33731,1740576997.50407,813442000,2421604079.12807
"26","Norway",NA,1726379546.95472,1726379546.95472,2381461071.65482,709457439.569909,1726379546.95472,728423445.746002,319601384.462571,319601384.462571,504376011.569039
"27","Poland",387467000,315081555.166612,387467000,571862787.306543,332423470.39431,387467000,384792339.84554,271396818.737504,387467000,439336790.948796
"28","Portugal",NA,234566533.217474,234566533.217474,354145657.112485,190612067.117628,234566533.217474,186119091.245279,180998955.875279,180998955.875279,317368955.374303
"29","Romania",NA,113829190.664971,113829190.664971,177571124.808327,123774020.004454,113829190.664971,131313114.516324,111829756.152273,111829756.152273,224043545.773715
"30","Slovak Republic",52519000,56468082.923985,52519000,84845660.3806277,60566104.0848484,52519000,66852144.2356599,66584049.8365995,52519000,162996517.739738
"31","Slovenia",13057000,27893803.0387301,13057000,22464512.2573516,36320215.6440951,13057000,49357155.966126,44969117.530166,13057000,133832924.419806
"32","Spain",2.1e+09,852059482.607093,2.1e+09,2871297430.73068,734193740.469631,2.1e+09,800506162.765666,1097404951.40646,2.1e+09,1553814732.33672
"33","Sweden",771341000,1729935897.4333,771341000,1103517413.24257,810784309.167065,771341000,569656004.20568,370061207.949022,771341000,572458101.778334
"34","Switzerland",944710000,565696118.433063,944709999.999999,1339209981.20103,470329274.519045,944709999.999999,339718806.69426,597214608.471033,944710000,878941106.219283
"35","United Kingdom",1e+09,1434349333.86979,999999999.999999,1413946291.29605,2082738536.0673,999999999.999999,2226714697.34333,2972109125.73841,1e+09,4083228628.26284
"36","United States",NA,33752226873.0701,33752226873.0701,40701461466.7759,32705452203.5155,33752226873.0701,38016203302.5261,122673167084.013,122673167084.013,165587920142.917
"37","Algeria",NA,143976734.207075,143976734.207075,222226472.289468,53729058.5664161,143976734.207075,110616514.826421,18834836.6885983,18834836.6885983,98571674.1245414
"38","Antigua and Barbuda",NA,1300232.92732384,1300232.92732384,2483060.57984027,838725.782413796,1300232.92732384,691035.064812336,5085639.56594475,5085639.56594475,80020795.1453231
"39","Argentina",NA,541833354.603724,541833354.603724,787654830.339805,469575172.471291,541833354.603724,576443327.696793,317566251.129265,317566251.129265,501630141.258508
"40","Bahamas",NA,16498241.1272494,16498241.1272494,28086402.4119237,7340470.72244193,16498241.1272494,7070435.72056112,11108902.2225943,11108902.2225943,88147583.6120802
"41","Bahrain",NA,3250121.02559822,3250121.02559822,5954833.07455864,4211491.75460798,3250121.02559822,3440450.47189797,448478.780352138,448478.780352138,73764181.921052
"42","Barbados",44000,3309314.75774877,44000,97933.8567574123,3741559.60417425,44000,2649839.12747898,5414766.93522647,44000,80464864.8565817
"43","Belize",8511500,2926064.08998387,8511500.00000001,14930183.3543768,1725832.76792438,8511500.00000001,2187834.49915565,2635424.67968812,8511500,76714882.8493146
"44","Bolivia",384942000,55028174.2683801,384942000,568304169.539175,56955491.0228086,384942000,86229953.9230642,25045432.9966727,384942000,106951219.451595
"45","Botswana",NA,136103001.24161,136103001.24161,210608504.759439,173930205.554108,136103001.24161,204729264.217736,40573009.7156771,40573009.7156771,127901547.967882
"46","Brazil",NA,3864333261.50617,3864333261.50617,5139892287.79326,5179387231.9076,3864333261.50617,12047598406.2627,14557853366.2293,14557853366.2293,19715104247.7784
"47","Brunei Darussalam",NA,18154677.9765751,18154677.9765751,30772846.0255402,9892665.32310931,18154677.9765751,36131533.8366327,23147923.5247717,23147923.5247717,104391035.881519
"48","Cameroon",NA,25077185.6479612,25077185.6479612,41890212.2458449,15194711.0926865,25077185.6479612,20449830.7764995,8240038.22285835,8240038.22285835,84276815.8579943
"49","Chile",58599000,854385579.12807,58599000,94200156.1983042,599033988.700522,58599000,578050184.559782,246884839.758314,58599000,406264404.864892
"50","China",1.7e+10,4462097470.39497,1.7e+10,21146010865.9111,4637268333.50577,1.7e+10,8477087974.44871,11500186680.1019,1.7e+10,15589597562.0331
"51","Colombia",226222000,544909950.692132,226222000,342107215.221739,608601804.755207,226222000,1091167560.16066,1018202113.85104,226222000,1446951601.26121
"52","Costa Rica",194300000,67364121.8397041,194300000,295861321.196621,47669324.9925664,194300000,49425121.2092727,48470880.2319338,194300000,138557620.3795
"53","Cote d'Ivoire",32222000,30379198.9079437,32222000.0000001,53218408.8756449,39333469.2128867,32222000.0000001,57550397.6413092,25794580.37626,32222000,107961994.281016
"54","Cuba",NA,41605862.6033725,41605862.6033725,67927133.0195094,NA,41605862.6033725,NA,41854876.4149211,41854876.4149211,129631085.612373
"55","Dominica",NA,1417615.87111234,1417615.87111234,2696664.38661712,1171048.79144191,1417615.87111234,1091982.61519792,8760478.8332219,8760478.8332219,84979011.8257005
"56","Dominican Republic",NA,20793763.3136406,20793763.3136406,35030484.1604691,19265351.783845,20793763.3136406,18669749.0969137,23099424.8323802,23099424.8323802,104325599.815312
"57","Ecuador",126621000,77592162.4756986,126621000,196576884.603643,70303694.1609591,126621000,166248595.526095,131695398.750354,126621000,250846938.611412
"58","Egypt",6635000,NA,6635000,11770428.9894017,30542731.5172586,6635000,32984913.711394,15070909.7164328,6635000,93493257.3177729
"59","El Salvador",NA,10067336.0524763,10067336.0524763,17525722.9992204,13237187.7973836,10067336.0524763,11388925.818367,15120053.678727,15120053.678727,93559564.0038248
"60","Eswatini",1660000,NA,1660000,3135276.99721871,6178587.8416388,1660000,5219175.06570839,13969059.2033698,1660000,92006603.5634715
"61","Fiji",NA,8771197.18895941,8771197.18895941,15364822.0116194,5214143.82078626,8771197.18895941,3830133.80167533,7672133.15883202,7672133.15883202,83510579.2537435
"62","Gabon",NA,17748591.6554037,17748591.6554037,30115313.0473079,11102875.089243,17748591.6554037,38387622.7659294,5832781.16014406,5832781.16014406,81028863.7016678
"63","Ghana",NA,63093826.2364011,63093826.2364011,101087288.367149,79877514.5066585,63093826.2364011,95837972.7683546,47268577.9597827,47268577.9597827,136935433.734844
"64","Grenada",NA,805355.304466531,805355.304466531,1571676.17727163,603504.908402308,805355.304466531,448266.894563672,3455654.90407226,3455654.90407226,77821565.0426026
"65","Guatemala",NA,19430782.981402,19430782.981402,32834850.7582641,13651176.993679,19430782.981402,13651602.6014207,12509043.448717,12509043.448717,90036701.2243968
"66","Guyana",NA,17037314.8599726,17037314.8599726,28961966.4122271,8508557.47899556,17037314.8599726,6824623.97609062,4158477.73660387,4158477.73660387,78769837.2357944
"67","Honduras",4627000,14099418.4881545,4627000,8343173.12306476,8635015.44772078,4627000,8171587.68925098,6921363.15311926,4627000,82497615.1226047
"68","Hong Kong",NA,34271806.4516291,34271806.4516291,56446227.536934,5516643803.66361,34271806.4516291,7340663290.69443,291.340783375757,291.340783375757,73159472.3603936
"69","India",2.6e+09,1292585360.56969,2.6e+09,3520764335.45766,1931829487.85394,2.6e+09,3735032585.04087,1503710565.46361,2.6e+09,2102015926.02915
"70","Indonesia",NA,868795975.01269,868795975.01269,1236270397.30284,1450553065.07257,868795975.01269,7930199098.25631,3281243530.55844,3281243530.55844,4500323159.74501
"71","Iran",240455000,193154622.796622,240455000,362629103.153696,82694728.3634529,240455000,179284339.77992,66288352.9536073,240455000,162597553.564449
"72","Iraq",NA,25567634.890918,25567634.890918,42672084.3164399,8526032.31176997,25567634.890918,44583567.5851567,9181181.23227993,9181181.23227993,85546637.6457081
"73","Israel",NA,85118322.0846442,85118322.0846442,134539924.526094,58545018.5116349,85118322.0846442,52390501.7352289,69854831.8542255,69854831.8542255,167409566.795265
"74","Jamaica",NA,10285441.3406724,10285441.3406724,17888061.953939,8321345.08544629,10285441.3406724,7374387.53932474,10879673.0873695,10879673.0873695,87838299.9565961
"75","Jordan",NA,42410901.5495575,42410901.5495575,69181473.7698727,18042671.7333922,42410901.5495575,12606176.5593458,11785957.4498836,11785957.4498836,89061089.2860222
"76","Kenya",NA,63852846.0366253,63852846.0366253,102248052.038573,60435444.4366868,63852846.0366253,64213039.991116,34657735.3403776,34657735.3403776,119920460.920679
"77","Korea",2e+09,498452543.904203,2e+09,2740610254.22214,277458826.340276,2e+09,211306832.707059,404308927.378375,2e+09,618666276.174304
"78","Kuwait",5647000,20845477.5788211,5647000,10091048.8576672,8210098.20990897,5647000,59853279.2554219,17252533.6802046,5647000,96436777.7116592
"79","Lebanon",8320000,4501006.27165689,8319999.99999999,14609298.5246372,5345079.91166362,8319999.99999999,4135971.68075148,6562712.81782266,8320000,82013712.033094
"80","Libya",NA,21879780.4376205,21879780.4376205,36775278.5352215,5970843.0301008,21879780.4376205,33624360.5170193,2499739.37968192,2499739.37968192,76531811.6810697
"81","Malaysia",NA,394280548.224854,394280548.224854,581460272.538351,296918857.226004,394280548.224854,600157116.151264,310780020.086408,310780020.086408,492473930.195564
"82","Maldives",130000,502122.49958332,130000,275513.68284726,736732.258782452,130000,480454.448889782,292854.666885743,130000,73554208.6353823
"83","Marshall Islands",NA,NA,NA,NA,248040.570562666,NA,NA,5162693.52504007,5162693.52504007,80124758.9373392
"84","Mauritius",NA,9964407.83767954,9964407.83767954,17354605.163015,12059288.9521322,9964407.83767954,9385471.63399867,10550396.9178019,10550396.9178019,87394029.4789894
"85","Mexico",1.1e+09,497200872.362108,1.1e+09,1548650443.03513,619375429.242116,1.1e+09,1503543267.71042,960072224.703269,1.1e+09,1368520800.60894
"86","Micronesia (country)",5301000,NA,5301000,9499884.92169072,641523.015433974,5301000,NA,5985604.37837395,5301000,81235057.9253237
"87","Mongolia",NA,89085182.3961839,89085182.3961839,140520225.361334,137821824.53754,89085182.3961839,181300125.622395,32253087.8677197,32253087.8677197,116676029.710985
"88","Morocco",293567000,90751799.0520672,293567000,438748684.121802,110009702.507436,293567000,140077679.092775,68055332.9811517,293567000,164981622.420053
"89","Namibia",NA,117772305.679289,117772305.679289,183439535.766916,150145191.295569,117772305.679289,208973785.432751,38935546.9059665,38935546.9059665,125692228.096697
"90","Nauru",NA,NA,NA,NA,32664.6574023389,NA,NA,1222187.0834161,1222187.0834161,74808095.1741181
"91","Nicaragua",NA,12728583.5748177,12728583.5748177,21924720.4146536,10634170.3079802,12728583.5748177,12418907.051485,8776812.81290971,8776812.81290971,85001050.180212
"92","Nigeria",NA,67820929.5836601,67820929.5836601,108306429.569709,79681651.0081829,67820929.5836601,144254143.715389,74523861.7820164,74523861.7820164,173709178.937569
"93","Oman",NA,173755300.420605,173755300.420605,265918582.243659,60107830.251416,173755300.420605,200853047.839805,24813163.4821875,24813163.4821875,106637833.614201
"94","Pakistan",NA,72960705.3163353,72960705.3163353,116130042.618984,56277775.9186118,72960705.3163353,55458617.1062072,31530524.2546944,31530524.2546944,115701122.593105
"95","Palau",NA,NA,NA,NA,230155.89193575,NA,NA,3903902.37084813,3903902.37084813,78426355.5939868
"96","Panama",10202000,42597740.4960161,10202000,17749482.0590174,26591430.8045449,10202000,25907507.0368456,27537965.0359616,10202000,110314227.473095
"97","Papua New Guinea",NA,NA,NA,NA,16012906.2153716,NA,18179174.2505851,7670470.82521795,7670470.82521795,83508336.3773469
"98","Paraguay",NA,45429605.5560233,45429605.5560233,73875533.937594,42388912.4929883,45429605.5560233,37293985.8478983,26047960.3002012,26047960.3002012,108303862.992538
"99","Peru",500200000,456107165.924211,500200000,729767259.641505,367358185.791575,500200000,548790260.61541,362127459.349627,500200000,561753621.450793
"100","Philippines",129552000,192290364.047082,129552000,200919142.670927,186703892.232519,129552000,221835294.012056,195052281.074933,129552000,336330174.179205
"101","Qatar",NA,54697442.724498,54697442.724498,88202698.0834337,19959113.0836312,54697442.724498,42285646.3641997,38106955.0355496,38106955.0355496,124574264.089479
"102","Saint Kitts and Nevis",NA,851921.05737904,851921.05737904,1658329.20552317,579410.460157092,851921.05737904,388390.738015904,5161168.78558179,5161168.78558179,80122701.7076033
"103","Saint Lucia",NA,1735659.88801184,1735659.88801184,3271575.56522531,1184475.13432365,1735659.88801184,968691.019741231,4663411.95095102,4663411.95095102,79451111.4527003
"104","Saint Vincent and the Grenadines",NA,1128548.52547981,1128548.52547981,2169042.63474881,904589.679227939,1128548.52547981,810477.487387609,5101425.95428953,5101425.95428953,80042094.6711857
"105","Samoa",NA,NA,NA,NA,2100497.80941899,NA,1502560.79104686,6520822.43959262,6520822.43959262,81957192.1265128
"106","Saudi Arabia",NA,698715147.764135,698715147.764135,1004096372.67579,678844663.780738,698715147.764135,3707336005.3132,453736196.05284,453736196.05284,685355208.718778
"107","Seychelles",NA,1251615.51558071,1251615.51558071,2394339.12611154,644818.396254693,1251615.51558071,720341.005961978,4219416.25156832,4219416.25156832,78852057.5288191
"108","Singapore",NA,72640741.0361044,72640741.0361044,115643748.638506,10065235329.2302,72640741.0361044,9244095548.28235,115.925386209848,115.925386209848,73159235.6840426
"109","South Africa",978390000,530782649.242868,978390000.000001,1384758570.27988,741320030.400599,978390000.000001,916551184.018274,722826012.073368,978390000,1048420234.77126
"110","Sri Lanka",NA,34174809.1149034,34174809.1149034,56293687.3557303,28650842.0133997,34174809.1149034,35676493.9127233,20125543.7789017,20125543.7789017,100313139.521847
"111","Suriname",NA,18085830.5567387,18085830.5567387,30661415.8601203,7700410.04844711,18085830.5567387,8313437.20166137,3719145.28293165,3719145.28293165,78177075.1197951
"112","Syrian Arab Republic",NA,NA,NA,NA,NA,NA,NA,NA,NA,NA
"113","Thailand",NA,232746082.884552,232746082.884552,351521016.594111,214554873.938721,232746082.884552,335429353.839739,248407106.010141,248407106.010141,408318297.667495
"114","Tonga",NA,NA,NA,NA,711164.375732545,NA,628952.299510991,6425946.98092753,6425946.98092753,81829182.968153
"115","Trinidad and Tobago",NA,7237152.8050389,7237152.8050389,12788297.1040303,2993548.4313472,7237152.8050389,4010975.38471901,5717793.37829579,5717793.37829579,80873718.320732
"116","Tunisia",49103000,39026599.5489476,49103000.0000001,79568709.3885005,36876634.065392,49103000.0000001,39325938.9682452,31023004.3335211,49103000,115016359.653623
"117","Turkey",NA,318795452.968997,318795452.968997,474680346.243407,181057497.487361,318795452.968997,135115870.260114,226348240.178678,226348240.178678,378555734.31141
"118","United Arab Emirates",NA,242651905.481316,242651905.481316,365791740.937248,98860374.5054345,242651905.481316,203251308.319229,107352098.059427,107352098.059427,218002138.944669
"119","Uruguay",3.2e+09,182782942.289146,3.2e+09,4292742958.72774,277618442.262568,3.2e+09,252541608.578747,184140486.070995,3.2e+09,321607613.526513
"120","Venezuela",2137000,35616909.7143076,2137000,3990347.92904949,23632126.0405476,2137000,89000703.4400251,54930321.716005,2137000,147272915.9837
"121","Vietnam",NA,123653491.850396,123653491.850396,192175905.074213,106334423.908009,123653491.850396,162972112.129859,57860649.1342644,57860649.1342644,151226612.248339
"122","Zimbabwe",NA,10487483.6255173,10487483.6255173,18223405.276114,9511057.02602172,10487483.6255173,10033497.082683,5992960.75659079,5992960.75659079,81244983.398121
"123","Afghanistan",NA,13965262.4804618,13965262.4804618,23954202.3807553,10518147.0277798,13965262.4804618,7949135.05200483,5916812.07103034,5916812.07103034,81142241.0315918
"124","Angola",NA,75456979.7456495,75456979.7456495,119920698.515546,52807367.1083668,75456979.7456495,197480885.532518,29784848.8244529,29784848.8244529,113345798.616402
"125","Bangladesh",NA,31236982.4763732,31236982.4763732,51664035.1945981,77613288.7689844,31236982.4763732,84445468.8131873,8297387.45401062,8297387.45401062,84354193.3686349
"126","Benin",NA,11545433.6263618,11545433.6263618,19974716.6752924,10210336.4692113,11545433.6263618,11223296.4943873,6390787.20842761,6390787.20842761,81781744.2210928
"127","Bhutan",44433000,10723638.690826,44433000,72327427.7715639,13164893.9652155,44433000,20578357.9960664,11270436.6870716,44433000,88365531.3420283
"128","Burkina Faso",62423000,22827106.877588,62423000,100060872.821034,20339397.1450836,62423000,18139217.1466294,9031566.19422111,62423000,85344772.0065918
"129","Burundi",4144000,1659886.6228628,4144000,7509605.29043387,2858131.50830983,4144000,2674496.78874543,3250572.08114362,4144000,77544860.4034206
"130","Cambodia",NA,15481587.3824055,15481587.3824055,26431591.2717409,13902364.9511253,15481587.3824055,18162114.7910804,9638444.36294044,9638444.36294044,86163592.4338946
"131","Central African Republic",NA,NA,NA,NA,2602656.30631764,NA,2302328.68318756,1139283.82711458,1139283.82711458,74696239.3136694
"132","Chad",NA,17378004.1239475,17378004.1239475,29514665.7624591,14694599.6103486,17378004.1239475,37901489.9766793,4708354.16166722,4708354.16166722,79511748.9942685
"133","Democratic Republic of Congo",62449000,29116056.8544317,62448999.9999999,100100664.07324,15112786.2918172,62448999.9999999,15473814.2916358,4902527.53360305,62449000,79773734.2354164
"134","Djibouti",NA,3050922.3146065,3050922.3146065,5605877.5482018,4192963.1297461,3050922.3146065,3690610.31082119,9702021.50410182,9702021.50410182,86249372.8500897
"135","Equatorial Guinea",NA,3264312.87994065,3264312.87994065,5979656.69250941,1212124.33613132,3264312.87994065,4782527.02053493,2530509.02119856,2530509.02119856,76573327.1158196
"136","Eritrea",18953000,2957729.96441013,18953000,32063560.8479386,3850453.09181933,18953000,3557272.62086804,6024300.37730503,18953000,81287267.8679659
"137","Ethiopia",15334000,53751179.1506235,15334000,26190961.3206762,46383222.1908659,15334000,52670841.5126423,16204317.4620673,15334000,95022489.1511526
"138","Gambia",NA,2166919.37048096,2166919.37048096,4043671.65995518,2560338.47086286,2166919.37048096,2174561.72737022,5701702.69736588,5701702.69736588,80852008.2330839
"139","Guinea",43000,9479615.71299173,43000,95807.6581559708,12859170.5489767,43000,18923641.0726027,9017274.49347544,43000,85325489.1634865
"140","Guinea-Bissau",NA,1215805.74066376,1215805.74066376,2328890.7661406,1443755.59145002,1215805.74066376,1460096.44565167,3545384.56363659,3545384.56363659,77942631.3158239
"141","Haiti",NA,2926873.09276181,2926873.09276181,5388051.34003803,3432955.78816395,2926873.09276181,2558180.52928156,3761335.45731719,3761335.45731719,78233999.5214278
"142","Kiribati",NA,NA,NA,NA,624597.989736567,NA,617082.783338194,6723129.79275457,6723129.79275457,82230152.0085797
"143","Lao PDR",NA,18876105.5245292,18876105.5245292,31939347.7114512,12029492.6552651,18876105.5245292,13785931.3777896,6413087.39575104,6413087.39575104,81811832.3835186
"144","Lesotho",NA,6654579.79448867,6654579.79448867,11803590.1129972,8711924.84968113,6654579.79448867,7306333.70175939,13255606.164099,13255606.164099,91043988.7379802
"145","Liberia",NA,5641523.13410132,5641523.13410132,10081704.2976925,3688094.69166127,5641523.13410132,3155744.57581442,3265400.67122411,3265400.67122411,77564867.6356657
"146","Madagascar",11667000,20766574.4032016,11667000,20175477.7393654,41955896.1460827,11667000,107431013.616579,21616531.5506442,11667000,102324830.347599
"147","Malawi",21286000,10617977.745677,21286000,35821809.4654109,15071905.9601943,21286000,15553244.2809323,10463044.1465297,21286000,87276170.1833582
"148","Mali",NA,34493808.5310469,34493808.5310469,56795279.5793701,23112774.3033793,34493808.5310469,19018789.0356368,6160059.61931134,6160059.61931134,81470438.8012432
"149","Mauritania",6327000,33180778.8216316,6327000,11248196.352263,24046231.9850248,6327000,24371821.2257346,6575684.53906388,6327000,82031213.9154768
"150","Mozambique",NA,34665025.8179207,34665025.8179207,57064413.6824626,44207787.3334145,34665025.8179207,51685218.6412296,17981298.1434685,17981298.1434685,97420051.2251422
"151","Myanmar",13700000,53611564.6454012,13700000,23519597.2005497,30268360.6908802,13700000,33071440.2120049,19641059.2117177,13700000,99659456.6563713
"152","Nepal",NA,14745847.3432537,14745847.3432537,25230971.9422224,13750688.1632038,14745847.3432537,15622674.7560086,9135095.43347084,9135095.43347084,85484457.1366397
"153","Niger",NA,31874172.7762349,31874172.7762349,52669780.7468031,26510684.0577922,31874172.7762349,27218440.4817698,5829353.34786109,5829353.34786109,81024238.7820992
"154","Rwanda",NA,14323909.1362885,14323909.1362885,24541215.7866707,30990362.4837487,14323909.1362885,33729313.6524493,16882399.6885967,16882399.6885967,95937380.486995
"155","Sao Tome and Principe",NA,470733.353937098,470733.353937098,941236.490673331,537311.558053085,470733.353937098,596012.230147236,5371258.65388726,5371258.65388726,80406162.0207348
"156","Senegal",NA,35308745.6327292,35308745.6327292,58075732.6537492,34843972.0600868,35308745.6327292,40038201.6411312,19189642.846266,19189642.846266,99050390.5203613
"157","Sierra Leone",NA,6331652.08151125,6331652.08151125,11256092.6560597,6528366.76212458,6331652.08151125,6426364.49486618,6430441.45372986,6430441.45372986,81835247.0619534
"158","Solomon Islands",NA,NA,NA,NA,2136008.75765226,NA,1637676.40816137,3542956.20220823,3542956.20220823,77939354.8889479
"159","Somalia",NA,NA,NA,NA,NA,NA,NA,NA,NA,NA
"160","South Sudan",160652000,NA,160652000,246738508.458689,NA,160652000,NA,NA,160652000,NA
"161","Sudan",7527000,NA,7527000,13276864.6635838,NA,7527000,NA,NA,7527000,NA
"162","Tanzania",NA,64611467.8691363,64611467.8691363,103407583.656471,82518635.0801949,64611467.8691363,136719342.950274,41479260.2667545,41479260.2667545,129124291.677781
"163","Timor",NA,2795116.90312473,2795116.90312473,5156233.66068944,1582499.07447357,2795116.90312473,6324836.81794942,3137576.28929004,3137576.28929004,77392402.6823525
"164","Togo",NA,4417181.79805003,4417181.79805003,7981575.17349516,6968237.92729469,4417181.79805003,8480069.18441576,7877741.38454494,7877741.38454494,83787992.784025
"165","Uganda",214210000,24582873.8569168,214210000,324742305.809306,39750160.8026228,214210000,48264647.1818429,25069856.532847,214210000,106984172.507673
"166","Vanuatu",NA,NA,NA,NA,2203303.75991452,NA,1607163.42238397,4517590.97098643,4517590.97098643,79254364.8843136
"167","Yemen",NA,11361280.2817802,11361280.2817802,19670413.7024178,6359663.96394448,11361280.2817802,10380303.3415747,4523561.86303512,4523561.86303512,79262421.0125955
"168","Zambia",NA,46895450.5207639,46895450.5207639,76149766.5859149,47136972.8358086,46895450.5207639,56666340.181538,14528754.3293798,14528754.3293798,92761763.0433485
"169","American Samoa",NA,NA,NA,NA,NA,NA,NA,NA,NA,NA
"170","Aruba",NA,2515673.16682827,2515673.16682827,4662898.02617158,1884909.29194036,2515673.16682827,1466239.53196053,4502521.70217734,4502521.70217734,79234032.9202368
"171","Bermuda",NA,1231175.36567803,1231175.36567803,2356991.86257599,1498283.53598242,1231175.36567803,953710.304951894,1252627.09790281,1252627.09790281,74849165.8649978
"172","British Virgin Islands",NA,NA,NA,NA,NA,NA,NA,NA,NA,NA
"173","Cabo Verde",NA,4926249.31403312,4926249.31403312,8857621.52540826,3111155.70349603,4926249.31403312,2145241.59266491,6711118.1788739,6711118.1788739,82213945.5353247
"174","Cayman Islands",NA,NA,NA,NA,NA,NA,NA,NA,NA,NA
"175","Comoros",NA,460674.194254416,460674.194254416,922023.472536872,727021.161729699,460674.194254416,638783.101021255,3202915.44421021,3202915.44421021,77480560.4667464
"176","Curacao",NA,NA,NA,NA,NA,NA,NA,NA,NA,NA
"177","French Polynesia",NA,NA,NA,NA,NA,NA,NA,NA,NA,NA
"178","Guam",NA,NA,NA,NA,NA,NA,NA,NA,NA,NA
"179","New Caledonia",NA,NA,NA,NA,NA,NA,NA,NA,NA,NA
"180","Northern Mariana Islands",NA,NA,NA,NA,NA,NA,NA,NA,NA,NA
"181","Puerto Rico",NA,32624448.1526225,32624448.1526225,53852856.6409376,NA,32624448.1526225,NA,NA,NA,NA
"182","San Marino",NA,NA,NA,NA,NA,NA,NA,NA,NA,NA
"183","Turks and Caicos Islands",NA,NA,NA,NA,NA,NA,NA,NA,NA,NA
"184","Tuvalu",NA,NA,NA,NA,112562.393153144,NA,NA,7830807.08637352,7830807.08637352,83724667.4510921
"185","Virgin Islands (U.S.)",NA,NA,NA,NA,NA,NA,NA,NA,NA,NA
"186","Albania",NA,12067832.8646399,12067832.8646399,20836769.420891,10228669.3390409,12067832.8646399,9512951.87762333,12115166.9710852,12115166.9710852,89505269.8394129
"187","Armenia",NA,8759543.07003913,8759543.07003913,15345329.8565187,11721218.334394,8759543.07003913,12344946.5274601,16858153.4329898,16858153.4329898,95904666.623818
"188","Azerbaijan",NA,23309869.7377194,23309869.7377194,39066919.6726549,19326405.6995573,23309869.7377194,54617421.9848317,24661322.9786912,24661322.9786912,106432965.302301
"189","Belarus",NA,40050064.9703003,40050064.9703003,65499894.003704,24777330.6785755,40050064.9703003,19907119.2418071,19981320.2317779,19981320.2317779,100118548.263552
"190","Bosnia and Herzegovina",4566500,15843426.6272124,4566500,8238985.81420221,9913772.08318618,4566500,7172279.05001924,11295838.780967,4566500,88399804.7010811
"191","Georgia",10765000,44060779.8445677,10765000,18683543.1075094,33144015.8226496,10765000,27457394.5584644,21485852.5919692,10765000,102148513.903381
"192","Kazakhstan",171511000,358026697.0111,171511000,262638250.773355,391326853.4289,171511000,773342381.243215,156768672.78219,171511000,284676642.849996
"193","Kyrgyzstan",NA,12808173.3328358,12808173.3328358,22055592.9706237,11606464.6047835,12808173.3328358,10024740.3008726,8322962.43582981,8322962.43582981,84388699.9938866
"194","Moldova",48335000,8425582.17976973,48335000.0000001,78380074.0502672,10792039.2814018,48335000.0000001,9000243.6014802,14873672.2573806,48335000,93227137.9072788
"195","Montenegro",NA,8512397.63704418,8512397.63704418,14931686.6952572,5660958.39025065,8512397.63704418,4269283.23751005,9994414.7595135,9994414.7595135,86643879.6599852
"196","Russia",NA,1687665559.0634,1687665559.0634,2330446323.61344,615265140.324195,1687665559.0634,880309198.447113,345908355.269108,345908355.269108,539870260.970542
"197","Serbia",11698000,40510488.8312565,11698000,20226657.582253,26503863.0987678,11698000,20817942.6437947,24706480.9186349,11698000,106493893.912995
"198","Tajikistan",NA,6591179.5197503,6591179.5197503,11696196.810767,5220532.53399073,6591179.5197503,4843485.15661837,4163827.08012888,4163827.08012888,78777054.7499129
"199","Turkmenistan",NA,21688689.261078,21688689.261078,36468561.1618048,19653529.5776517,21688689.261078,31951591.6006201,16856139.6435238,16856139.6435238,95901949.5513708
"200","Ukraine",NA,64161329.7973199,64161329.7973199,102719635.337243,54609900.0457038,64161329.7973199,48761945.9896935,47258043.1380479,47258043.1380479,136921219.799199
"201","Uzbekistan",NA,35290288.9379932,35290288.9379932,58046747.8629136,27915453.7905273,35290288.9379932,27382905.8587508,20249722.2179968,20249722.2179968,100480685.246513
"202","Andorra",NA,NA,NA,NA,NA,NA,NA,25243710.3577015,25243710.3577015,107218741.932795
"203","Channel Islands",NA,NA,NA,NA,NA,NA,NA,NA,NA,NA
"204","Faroe Islands",NA,NA,NA,NA,NA,NA,NA,NA,NA,NA
"205","Gibraltar",NA,NA,NA,NA,NA,NA,NA,NA,NA,NA
"206","Greenland",NA,NA,NA,NA,NA,NA,NA,15109528.9828033,15109528.9828033,93545363.7302647
"207","Isle of Man",NA,NA,NA,NA,NA,NA,NA,NA,NA,NA
"208","Kosovo",NA,NA,NA,NA,NA,NA,NA,NA,NA,NA
"209","Liechtenstein",NA,NA,NA,NA,NA,NA,NA,27224475.6496622,27224475.6496622,109891257.054195
"210","Macao,SAR, China",NA,NA,NA,NA,NA,NA,NA,NA,NA,NA
"211","Monaco",NA,NA,NA,NA,NA,NA,NA,NA,NA,NA
"212","North Macedonia",NA,11245262.5606071,11245262.5606071,19478586.6333438,9613653.94197727,11245262.5606071,8041016.73256442,NA,NA,NA
